exam,year,session,date,shift,paper,paper_number,language,pdf_type,answer_key_file,question_paper_file,local_path,page_count,file_size
JEE_MAIN,2019,Session April,2019-04-08,,Paper 1,1,English,Final Answer Key,2019\Session-April\Answer-Keys\JEE_Main_2019_Session-April_Paper-1_Final-Answer-Key.pdf,,2019\Session-April\Answer-Keys\JEE_Main_2019_Session-April_Paper-1_Final-Answer-Key.pdf,16,91557
JEE_MAIN,2019,Session General,,,Paper 1 (B.E./B.Tech),1,English,Question Paper Display Notice,,,2019\Session-General\Question-Papers\JEE_Main_2019_Session-General_Question-Paper.pdf,1,122288
JEE_MAIN,2021,Session 1,2021-02-24,Shift 1,Paper 1,1,English,Final Answer Key,2021\Session-1\Answer-Keys\JEE_Main_2021_Session-1_Paper-1_Final-Answer-Key.pdf,,2021\Session-1\Answer-Keys\JEE_Main_2021_Session-1_Paper-1_Final-Answer-Key.pdf,78,128631
JEE_MAIN,2021,Session 1,2021-02-24,Shift 1,Paper 1,1,English,Final Answer Key,2021\Session-1\Answer-Keys\JEE_Main_2021_Session-1_Paper-1_Final-Answer-Key_2.pdf,,2021\Session-1\Answer-Keys\JEE_Main_2021_Session-1_Paper-1_Final-Answer-Key_2.pdf,78,126563
JEE_MAIN,2021,Session 2,2021-03-16,Shift 1,Paper 1,1,English,Final Answer Key,2021\Session-2\Answer-Keys\JEE_Main_2021_Session-2_Paper-1_Final-Answer-Key.pdf,,2021\Session-2\Answer-Keys\JEE_Main_2021_Session-2_Paper-1_Final-Answer-Key.pdf,78,128254
JEE_MAIN,2021,Session 2,,,Paper 1 (B.E./B.Tech),1,English,Question Paper Display Notice,,,2021\Session-2\Question-Papers\JEE_Main_2021_Session-2_Question-Paper.pdf,2,618398
JEE_MAIN,2021,Session 3,2021-07-20,Shift 1,Paper 1,1,English,Final Answer Key,2021\Session-3\Answer-Keys\JEE_Main_2021_Session-3_Paper-1_Final-Answer-Key.pdf,,2021\Session-3\Answer-Keys\JEE_Main_2021_Session-3_Paper-1_Final-Answer-Key.pdf,11,25615
JEE_MAIN,2021,Session 3,2021-07-29,,Paper 1 (B.E./B.Tech),1,English,Question Paper Display Notice,,,2021\Session-3\Question-Papers\JEE_Main_2021_Session-3_2021-07-29_Question-Paper.pdf,2,559052
JEE_MAIN,2021,Session 4,2021-08-26,Shift 1,Paper 1,1,English,Final Answer Key,2021\Session-4\Answer-Keys\JEE_Main_2021_Session-4_Paper-1_Final-Answer-Key.pdf,,2021\Session-4\Answer-Keys\JEE_Main_2021_Session-4_Paper-1_Final-Answer-Key.pdf,7,19689
JEE_MAIN,2021,Session 4,2021-09-02,Shift 1,Paper 2,2,English,Final Answer Key,2021\Session-4\Answer-Keys\JEE_Main_2021_Session-4_Paper-2_Final-Answer-Key.pdf,,2021\Session-4\Answer-Keys\JEE_Main_2021_Session-4_Paper-2_Final-Answer-Key.pdf,7,19754
JEE_MAIN,2022,Session 1,2022-06-24,,Paper 1,1,English,Final Answer Key,2022\Session-1\Answer-Keys\JEE_Main_2022_Session-1_Paper-1_Final-Answer-Key.pdf,,2022\Session-1\Answer-Keys\JEE_Main_2022_Session-1_Paper-1_Final-Answer-Key.pdf,13,60644
JEE_MAIN,2022,Session 1,2022-07-03,,Paper 1 (B.E./B.Tech),1,English,Question Paper Display Notice,,,2022\Session-1\Question-Papers\JEE_Main_2022_Session-1_2022-07-03_Question-Paper.pdf,1,955788
JEE_MAIN,2022,Session 1,,,Paper 1 (B.E./B.Tech),1,English,Question Paper Display Notice,,,2022\Session-1\Question-Papers\JEE_Main_2022_Session-1_Question-Paper.pdf,2,1208460
JEE_MAIN,2022,Session 2,2022-07-25,,Paper 1,1,English,Final Answer Key,2022\Session-2\Answer-Keys\JEE_Main_2022_Session-2_Paper-1_Final-Answer-Key.pdf,,2022\Session-2\Answer-Keys\JEE_Main_2022_Session-2_Paper-1_Final-Answer-Key.pdf,11,57183
JEE_MAIN,2022,Session 2,2020-09-01,,Paper 2,2,English,Final Answer Key,2022\Session-2\Answer-Keys\JEE_Main_2022_Session-2_Paper-2_Answer-Key.pdf,,2022\Session-2\Answer-Keys\JEE_Main_2022_Session-2_Paper-2_Answer-Key.pdf,8,76801
JEE_MAIN,2022,Session 2,,,Paper 1 (B.E./B.Tech),1,English,Question Paper Display Notice,,,2022\Session-2\Question-Papers\JEE_Main_2022_Session-2_Question-Paper.pdf,2,843302
JEE_MAIN,2022,Session 4,2021-09-28,,Paper 1 (B.E./B.Tech),1,English,Question Paper Display Notice,,,2022\Session-4\Question-Papers\JEE_Main_2022_Session-4_2021-09-28_Question-Paper.pdf,2,556452
JEE_MAIN,2022,Session General,2021-09-06,,Paper 1 (B.E./B.Tech),1,English,Question Paper Display Notice,,,2022\Session-General\Question-Papers\JEE_Main_2022_Session-General_2021-09-06_Question-Paper.pdf,2,560295
JEE_MAIN,2023,Session 1,2023-01-28,Shift 2,Paper 2,2,English,Final Answer Key,2023\Session-1\Answer-Keys\JEE_Main_2023_Session-1_Paper-2_Answer-Key.pdf,,2023\Session-1\Answer-Keys\JEE_Main_2023_Session-1_Paper-2_Answer-Key.pdf,3,13914
JEE_MAIN,2023,Session 2,,,Paper 1 (B.E./B.Tech),1,English,Question Paper Display Notice,,,2023\Session-2\Question-Papers\JEE_Main_2023_Session-2_Question-Paper.pdf,2,1223930
JEE_MAIN,2023,Session General,2023-02-01,,Paper 1,1,English,Final Answer Key,2023\Session-General\Answer-Keys\JEE_Main_2023_Session-General_Paper-1_Final-Answer-Key.pdf,,2023\Session-General\Answer-Keys\JEE_Main_2023_Session-General_Paper-1_Final-Answer-Key.pdf,12,277512
JEE_MAIN,2023,Session General,2023-02-01,,Paper 1,1,English,Final Answer Key,2023\Session-General\Answer-Keys\JEE_Main_2023_Session-General_Paper-1_Final-Answer-Key_2.pdf,,2023\Session-General\Answer-Keys\JEE_Main_2023_Session-General_Paper-1_Final-Answer-Key_2.pdf,12,273698
JEE_MAIN,2024,Session 1,2024-01-31,Shift 1,Paper 1,1,English,Final Answer Key,2024\Session-1\Answer-Keys\JEE_Main_2024_Session-1_2024-01-31_Paper-1_Final-Answer-Key.pdf,,2024\Session-1\Answer-Keys\JEE_Main_2024_Session-1_2024-01-31_Paper-1_Final-Answer-Key.pdf,10,23553
JEE_MAIN,2024,Session 1,2024-01-24,Shift 2,Paper 2,2,English,Final Answer Key,2024\Session-1\Answer-Keys\JEE_Main_2024_Session-1_Paper-2_Final-Answer-Key.pdf,,2024\Session-1\Answer-Keys\JEE_Main_2024_Session-1_Paper-2_Final-Answer-Key.pdf,3,13744
JEE_MAIN,2024,Session 1,,,Paper 1,1,English,Final Answer Key,2024\Session-1\Notices\JEE_Main_2024_Session-1_Paper-1_Provisional-Answer-Key-Notice.pdf,,2024\Session-1\Notices\JEE_Main_2024_Session-1_Paper-1_Provisional-Answer-Key-Notice.pdf,2,341852
JEE_MAIN,2024,Session 1,,,Paper 1,1,English,Final Answer Key,2024\Session-1\Notices\JEE_Main_2024_Session-1_Paper-1_Provisional-Answer-Key-Notice_2.pdf,,2024\Session-1\Notices\JEE_Main_2024_Session-1_Paper-1_Provisional-Answer-Key-Notice_2.pdf,2,362871
JEE_MAIN,2024,Session 2,2024-04-22,Shift 1,Paper 1,1,English,Final Answer Key,2024\Session-2\Answer-Keys\JEE_Main_2024_Session-2_2024-04-22_Paper-1_Final-Answer-Key.pdf,,2024\Session-2\Answer-Keys\JEE_Main_2024_Session-2_2024-04-22_Paper-1_Final-Answer-Key.pdf,10,23615
JEE_MAIN,2024,Session 2,2024-04-04,Shift 1,Paper 1,1,English,Final Answer Key,2024\Session-2\Answer-Keys\JEE_Main_2024_Session-2_Paper-1_Final-Answer-Key.pdf,,2024\Session-2\Answer-Keys\JEE_Main_2024_Session-2_Paper-1_Final-Answer-Key.pdf,10,23621
JEE_MAIN,2024,Session 2,,,Paper 1,1,English,Final Answer Key,2024\Session-2\Notices\JEE_Main_2024_Session-2_Paper-1_Provisional-Answer-Key-Notice.pdf,,2024\Session-2\Notices\JEE_Main_2024_Session-2_Paper-1_Provisional-Answer-Key-Notice.pdf,2,346303
JEE_MAIN,2024,Session 2,,,Paper 2,2,English,Final Answer Key,2024\Session-2\Notices\JEE_Main_2024_Session-2_Paper-2_Provisional-Answer-Key-Notice.pdf,,2024\Session-2\Notices\JEE_Main_2024_Session-2_Paper-2_Provisional-Answer-Key-Notice.pdf,2,348835
JEE_MAIN,2025,Session 1,2025-01-30,Shift 2,Paper 2,2,English,Final Answer Key,2025\Session-1\Answer-Keys\JEE_Main_2025_Session-1_Paper-2_Final-Answer-Key.pdf,,2025\Session-1\Answer-Keys\JEE_Main_2025_Session-1_Paper-2_Final-Answer-Key.pdf,6,18251
JEE_MAIN,2025,Session 2,2025-04-02,,Paper 1,1,English,Final Answer Key,2025\Session-2\Answer-Keys\JEE_Main_2025_Session-2_Paper-1_Final-Answer-Key.pdf,,2025\Session-2\Answer-Keys\JEE_Main_2025_Session-2_Paper-1_Final-Answer-Key.pdf,18,286072
JEE_MAIN,2025,Session 2,2025-04-09,Shift 1,Paper 2,2,English,Final Answer Key,2025\Session-2\Answer-Keys\JEE_Main_2025_Session-2_Paper-2_Final-Answer-Key.pdf,,2025\Session-2\Answer-Keys\JEE_Main_2025_Session-2_Paper-2_Final-Answer-Key.pdf,6,18270
JEE_MAIN,2025,Session 2,2025-04-09,Shift 1,Paper 2,2,English,Final Answer Key,2025\Session-2\Answer-Keys\JEE_Main_2025_Session-2_Paper-2_Final-Answer-Key_2.pdf,,2025\Session-2\Answer-Keys\JEE_Main_2025_Session-2_Paper-2_Final-Answer-Key_2.pdf,6,18617
JEE_MAIN,2025,Session 2,,,Paper 1,1,English,Final Answer Key,2025\Session-2\Notices\JEE_Main_2025_Session-2_Paper-1_Provisional-Answer-Key-Notice.pdf,,2025\Session-2\Notices\JEE_Main_2025_Session-2_Paper-1_Provisional-Answer-Key-Notice.pdf,2,844035
JEE_MAIN,2025,Session 2,,,Paper 2,2,English,Final Answer Key,2025\Session-2\Notices\JEE_Main_2025_Session-2_Paper-2_Provisional-Answer-Key-Notice.pdf,,2025\Session-2\Notices\JEE_Main_2025_Session-2_Paper-2_Provisional-Answer-Key-Notice.pdf,2,918579
JEE_MAIN,2025,Session General,,,Paper 1,1,English,Final Answer Key,2025\Session-General\Answer-Keys\JEE_Main_2025_Session-General_Paper-1_Final-Answer-Key.pdf,,2025\Session-General\Answer-Keys\JEE_Main_2025_Session-General_Paper-1_Final-Answer-Key.pdf,1,282570
JEE_MAIN,2025,Session General,2025-01-22,Shift 1,Paper 1,1,English,Final Answer Key,2025\Session-General\Answer-Keys\JEE_Main_2025_Session-General_Paper-1_Final-Answer-Key_2.pdf,,2025\Session-General\Answer-Keys\JEE_Main_2025_Session-General_Paper-1_Final-Answer-Key_2.pdf,20,36794
JEE_MAIN,2025,Session General,2025-01-22,Shift 1,Paper 1,1,English,Final Answer Key,2025\Session-General\Answer-Keys\JEE_Main_2025_Session-General_Paper-1_Final-Answer-Key_3.pdf,,2025\Session-General\Answer-Keys\JEE_Main_2025_Session-General_Paper-1_Final-Answer-Key_3.pdf,20,36596
JEE_MAIN,2026,Session 1,2026-01-21,Shift 1,Paper 1,1,English,Final Answer Key,2026\Session-1\Answer-Keys\JEE_Main_2026_Session-1_Paper-1_Final-Answer-Key.pdf,,2026\Session-1\Answer-Keys\JEE_Main_2026_Session-1_Paper-1_Final-Answer-Key.pdf,20,35822
JEE_MAIN,2026,Session 1,2026-01-21,Shift 1,Paper 1,1,English,Final Answer Key,2026\Session-1\Answer-Keys\JEE_Main_2026_Session-1_Paper-1_Final-Answer-Key_2.pdf,,2026\Session-1\Answer-Keys\JEE_Main_2026_Session-1_Paper-1_Final-Answer-Key_2.pdf,10,25169
JEE_MAIN,2026,Session 1,2026-01-29,Shift 1,Paper 2,2,English,Final Answer Key,2026\Session-1\Answer-Keys\JEE_Main_2026_Session-1_Paper-2_Final-Answer-Key.pdf,,2026\Session-1\Answer-Keys\JEE_Main_2026_Session-1_Paper-2_Final-Answer-Key.pdf,6,18711
JEE_MAIN,2026,Session 1,,,Paper 1,1,English,Final Answer Key,2026\Session-1\Notices\JEE_Main_2026_Session-1_Paper-1_Provisional-Answer-Key-Notice.pdf,,2026\Session-1\Notices\JEE_Main_2026_Session-1_Paper-1_Provisional-Answer-Key-Notice.pdf,2,907646
JEE_MAIN,2026,Session 1,,,Paper 2,2,English,Final Answer Key,2026\Session-1\Notices\JEE_Main_2026_Session-1_Paper-2_Provisional-Answer-Key-Notice.pdf,,2026\Session-1\Notices\JEE_Main_2026_Session-1_Paper-2_Provisional-Answer-Key-Notice.pdf,2,914520
JEE_MAIN,2026,Session 2,2026-04-02,Shift 1,Paper 1,1,English,Final Answer Key,2026\Session-2\Answer-Keys\JEE_Main_2026_Session-2_Paper-1_Final-Answer-Key.pdf,,2026\Session-2\Answer-Keys\JEE_Main_2026_Session-2_Paper-1_Final-Answer-Key.pdf,18,33395
JEE_MAIN,2026,Session 2,,,Paper 1,1,English,Final Answer Key,2026\Session-2\Notices\JEE_Main_2026_Session-2_Paper-1_Provisional-Answer-Key-Notice.pdf,,2026\Session-2\Notices\JEE_Main_2026_Session-2_Paper-1_Provisional-Answer-Key-Notice.pdf,2,900898
JEE_MAIN,2026,Session 2,,,Paper 2,2,English,Final Answer Key,2026\Session-2\Notices\JEE_Main_2026_Session-2_Paper-2_Provisional-Answer-Key-Notice.pdf,,2026\Session-2\Notices\JEE_Main_2026_Session-2_Paper-2_Provisional-Answer-Key-Notice.pdf,2,909048
JEE_MAIN,2026,Session 2,2026-04-02,Shift 1,Paper 1 (B.E./B.Tech),1,English,Question Paper (Master),,2026\Session-2\Question-Papers\JEE_Main_2026_Session-2_2026-04-02_Shift-1_Question-Paper.pdf,2026\Session-2\Question-Papers\JEE_Main_2026_Session-2_2026-04-02_Shift-1_Question-Paper.pdf,30,2463315
JEE_MAIN,2026,Session 2,2026-04-02,Shift 2,Paper 1 (B.E./B.Tech),1,English,Question Paper (Master),,2026\Session-2\Question-Papers\JEE_Main_2026_Session-2_2026-04-02_Shift-2_Question-Paper.pdf,2026\Session-2\Question-Papers\JEE_Main_2026_Session-2_2026-04-02_Shift-2_Question-Paper.pdf,31,2586255
JEE_MAIN,2026,Session 2,2026-04-04,Shift 1,Paper 1 (B.E./B.Tech),1,English,Question Paper (Master),,2026\Session-2\Question-Papers\JEE_Main_2026_Session-2_2026-04-04_Shift-1_Question-Paper.pdf,2026\Session-2\Question-Papers\JEE_Main_2026_Session-2_2026-04-04_Shift-1_Question-Paper.pdf,28,2148210
JEE_MAIN,2026,Session 2,2026-04-04,Shift 2,Paper 1 (B.E./B.Tech),1,English,Question Paper (Master),,2026\Session-2\Question-Papers\JEE_Main_2026_Session-2_2026-04-04_Shift-2_Question-Paper.pdf,2026\Session-2\Question-Papers\JEE_Main_2026_Session-2_2026-04-04_Shift-2_Question-Paper.pdf,30,2264985
JEE_MAIN,2026,Session 2,2026-04-05,Shift 1,Paper 1 (B.E./B.Tech),1,English,Question Paper (Master),,2026\Session-2\Question-Papers\JEE_Main_2026_Session-2_2026-04-05_Shift-1_Question-Paper.pdf,2026\Session-2\Question-Papers\JEE_Main_2026_Session-2_2026-04-05_Shift-1_Question-Paper.pdf,30,2273572
JEE_MAIN,2026,Session 2,2026-04-05,Shift 2,Paper 1 (B.E./B.Tech),1,English,Question Paper (Master),,2026\Session-2\Question-Papers\JEE_Main_2026_Session-2_2026-04-05_Shift-2_Question-Paper.pdf,2026\Session-2\Question-Papers\JEE_Main_2026_Session-2_2026-04-05_Shift-2_Question-Paper.pdf,30,2644036
JEE_MAIN,2026,Session 2,2026-04-06,Shift 1,Paper 1 (B.E./B.Tech),1,English,Question Paper (Master),,2026\Session-2\Question-Papers\JEE_Main_2026_Session-2_2026-04-06_Shift-1_Question-Paper.pdf,2026\Session-2\Question-Papers\JEE_Main_2026_Session-2_2026-04-06_Shift-1_Question-Paper.pdf,28,2202415
JEE_MAIN,2026,Session 2,2026-04-06,Shift 2,Paper 1 (B.E./B.Tech),1,English,Question Paper (Master),,2026\Session-2\Question-Papers\JEE_Main_2026_Session-2_2026-04-06_Shift-2_Question-Paper.pdf,2026\Session-2\Question-Papers\JEE_Main_2026_Session-2_2026-04-06_Shift-2_Question-Paper.pdf,31,2597034
JEE_MAIN,2026,Session 2,2026-04-08,Shift 2,Paper 1 (B.E./B.Tech),1,English,Question Paper (Master),,2026\Session-2\Question-Papers\JEE_Main_2026_Session-2_2026-04-08_Shift-2_Question-Paper.pdf,2026\Session-2\Question-Papers\JEE_Main_2026_Session-2_2026-04-08_Shift-2_Question-Paper.pdf,31,2651238
JEE_MAIN,2026,Session General,2026-04-07,Shift 2,Paper 2,2,English,Final Answer Key,2026\Session-General\Answer-Keys\JEE_Main_2026_Session-General_Paper-2_Final-Answer-Key.pdf,,2026\Session-General\Answer-Keys\JEE_Main_2026_Session-General_Paper-2_Final-Answer-Key.pdf,6,18115
JEE_ADVANCED,2007,,,,Paper 1,1,Bilingual,Question Paper,,2007\Paper-1\Question-Paper\JEE_Advanced_2007_Paper-1.pdf,2007\Paper-1\Question-Paper\JEE_Advanced_2007_Paper-1.pdf,30,2950046
JEE_ADVANCED,2007,,,,Paper 2,2,Bilingual,Question Paper,,2007\Paper-2\Question-Paper\JEE_Advanced_2007_Paper-2.pdf,2007\Paper-2\Question-Paper\JEE_Advanced_2007_Paper-2.pdf,28,2859094
JEE_ADVANCED,2008,,,,Paper 1,1,Bilingual,Question Paper,,2008\Paper-1\Question-Paper\JEE_Advanced_2008_Paper-1.pdf,2008\Paper-1\Question-Paper\JEE_Advanced_2008_Paper-1.pdf,24,3257888
JEE_ADVANCED,2008,,,,Paper 2,2,Bilingual,Question Paper,,2008\Paper-2\Question-Paper\JEE_Advanced_2008_Paper-2.pdf,2008\Paper-2\Question-Paper\JEE_Advanced_2008_Paper-2.pdf,28,3480119
JEE_ADVANCED,2009,,,,Paper 1,1,Bilingual,Question Paper,,2009\Paper-1\Question-Paper\JEE_Advanced_2009_Paper-1.pdf,2009\Paper-1\Question-Paper\JEE_Advanced_2009_Paper-1.pdf,19,3216991
JEE_ADVANCED,2009,,,,Paper 2,2,Bilingual,Question Paper,,2009\Paper-2\Question-Paper\JEE_Advanced_2009_Paper-2.pdf,2009\Paper-2\Question-Paper\JEE_Advanced_2009_Paper-2.pdf,17,2688430
JEE_ADVANCED,2010,,,,Paper 1,1,Bilingual,Question Paper,,2010\Paper-1\Question-Paper\JEE_Advanced_2010_Paper-1.pdf,2010\Paper-1\Question-Paper\JEE_Advanced_2010_Paper-1.pdf,24,816471
JEE_ADVANCED,2010,,,,Paper 2,2,Bilingual,Question Paper,,2010\Paper-2\Question-Paper\JEE_Advanced_2010_Paper-2.pdf,2010\Paper-2\Question-Paper\JEE_Advanced_2010_Paper-2.pdf,22,1068003
JEE_ADVANCED,2011,,,,Paper 1,1,Bilingual,Question Paper,,2011\Paper-1\Question-Paper\JEE_Advanced_2011_Paper-1.pdf,2011\Paper-1\Question-Paper\JEE_Advanced_2011_Paper-1.pdf,30,702119
JEE_ADVANCED,2011,,,,Paper 2,2,Bilingual,Question Paper,,2011\Paper-2\Question-Paper\JEE_Advanced_2011_Paper-2.pdf,2011\Paper-2\Question-Paper\JEE_Advanced_2011_Paper-2.pdf,26,737442
JEE_ADVANCED,2012,,,,Paper 1,1,Bilingual,Question Paper,,2012\Paper-1\Question-Paper\JEE_Advanced_2012_Paper-1.pdf,2012\Paper-1\Question-Paper\JEE_Advanced_2012_Paper-1.pdf,24,1349324
JEE_ADVANCED,2012,,,,Paper 2,2,Bilingual,Question Paper,,2012\Paper-2\Question-Paper\JEE_Advanced_2012_Paper-2.pdf,2012\Paper-2\Question-Paper\JEE_Advanced_2012_Paper-2.pdf,31,1711910
JEE_ADVANCED,2013,,,,Paper 1,1,Bilingual,Question Paper,,2013\Paper-1\Question-Paper\JEE_Advanced_2013_Paper-1.pdf,2013\Paper-1\Question-Paper\JEE_Advanced_2013_Paper-1.pdf,40,1909990
JEE_ADVANCED,2013,,,,Paper 2,2,Bilingual,Question Paper,,2013\Paper-2\Question-Paper\JEE_Advanced_2013_Paper-2.pdf,2013\Paper-2\Question-Paper\JEE_Advanced_2013_Paper-2.pdf,40,2590054
JEE_ADVANCED,2014,,,,Paper 1,1,Bilingual,Question Paper,,2014\Paper-1\Question-Paper\JEE_Advanced_2014_Paper-1.pdf,2014\Paper-1\Question-Paper\JEE_Advanced_2014_Paper-1.pdf,25,324329
JEE_ADVANCED,2014,,,,Paper 2,2,Bilingual,Question Paper,,2014\Paper-2\Question-Paper\JEE_Advanced_2014_Paper-2.pdf,2014\Paper-2\Question-Paper\JEE_Advanced_2014_Paper-2.pdf,38,565693
JEE_ADVANCED,2015,,,,Paper 1,1,Bilingual,Question Paper,,2015\Paper-1\Question-Paper\JEE_Advanced_2015_Paper-1.pdf,2015\Paper-1\Question-Paper\JEE_Advanced_2015_Paper-1.pdf,29,1640139
JEE_ADVANCED,2015,,,,Paper 2,2,Bilingual,Question Paper,,2015\Paper-2\Question-Paper\JEE_Advanced_2015_Paper-2.pdf,2015\Paper-2\Question-Paper\JEE_Advanced_2015_Paper-2.pdf,29,1585299
JEE_ADVANCED,2016,,,,Paper 1,1,Bilingual,Question Paper,,2016\Paper-1\Question-Paper\JEE_Advanced_2016_Paper-1.pdf,2016\Paper-1\Question-Paper\JEE_Advanced_2016_Paper-1.pdf,29,3006394
JEE_ADVANCED,2016,,,,Paper 2,2,Bilingual,Question Paper,,2016\Paper-2\Question-Paper\JEE_Advanced_2016_Paper-2.pdf,2016\Paper-2\Question-Paper\JEE_Advanced_2016_Paper-2.pdf,29,3447124
JEE_ADVANCED,2017,,,,Paper 1,1,Bilingual,Question Paper,,2017\Paper-1\Question-Paper\JEE_Advanced_2017_Paper-1.pdf,2017\Paper-1\Question-Paper\JEE_Advanced_2017_Paper-1.pdf,32,10132054
JEE_ADVANCED,2017,,,,Paper 2,2,Bilingual,Question Paper,,2017\Paper-2\Question-Paper\JEE_Advanced_2017_Paper-2.pdf,2017\Paper-2\Question-Paper\JEE_Advanced_2017_Paper-2.pdf,32,11830566
JEE_ADVANCED,2018,,,,Paper 1,1,Bilingual,Question Paper,,2018\Paper-1\Question-Paper\JEE_Advanced_2018_Paper-1.pdf,2018\Paper-1\Question-Paper\JEE_Advanced_2018_Paper-1.pdf,32,2411298
JEE_ADVANCED,2018,,,,Paper 2,2,Bilingual,Question Paper,,2018\Paper-2\Question-Paper\JEE_Advanced_2018_Paper-2.pdf,2018\Paper-2\Question-Paper\JEE_Advanced_2018_Paper-2.pdf,33,618279
JEE_ADVANCED,2019,,,,Paper 1,1,English,Question Paper,,2019\Paper-1\Question-Paper\JEE_Advanced_2019_Paper-1_English.pdf,2019\Paper-1\Question-Paper\JEE_Advanced_2019_Paper-1_English.pdf,28,10246349
JEE_ADVANCED,2019,,,,Paper 1,1,Hindi,Question Paper,,2019\Paper-1\Question-Paper\JEE_Advanced_2019_Paper-1_Hindi.pdf,2019\Paper-1\Question-Paper\JEE_Advanced_2019_Paper-1_Hindi.pdf,30,10921415
JEE_ADVANCED,2019,,,,Paper 2,2,English,Question Paper,,2019\Paper-2\Question-Paper\JEE_Advanced_2019_Paper-2_English.pdf,2019\Paper-2\Question-Paper\JEE_Advanced_2019_Paper-2_English.pdf,31,9738768
JEE_ADVANCED,2019,,,,Paper 2,2,Hindi,Question Paper,,2019\Paper-2\Question-Paper\JEE_Advanced_2019_Paper-2_Hindi.pdf,2019\Paper-2\Question-Paper\JEE_Advanced_2019_Paper-2_Hindi.pdf,33,7509232
JEE_ADVANCED,2020,,,,Paper 1,1,English,Question Paper,,2020\Paper-1\Question-Paper\JEE_Advanced_2020_Paper-1_English.pdf,2020\Paper-1\Question-Paper\JEE_Advanced_2020_Paper-1_English.pdf,24,1715231
JEE_ADVANCED,2020,,,,Paper 1,1,Hindi,Question Paper,,2020\Paper-1\Question-Paper\JEE_Advanced_2020_Paper-1_Hindi.pdf,2020\Paper-1\Question-Paper\JEE_Advanced_2020_Paper-1_Hindi.pdf,27,3841617
JEE_ADVANCED,2020,,,,Paper 2,2,English,Question Paper,,2020\Paper-2\Question-Paper\JEE_Advanced_2020_Paper-2_English.pdf,2020\Paper-2\Question-Paper\JEE_Advanced_2020_Paper-2_English.pdf,22,2005186
JEE_ADVANCED,2020,,,,Paper 2,2,Hindi,Question Paper,,2020\Paper-2\Question-Paper\JEE_Advanced_2020_Paper-2_Hindi.pdf,2020\Paper-2\Question-Paper\JEE_Advanced_2020_Paper-2_Hindi.pdf,24,3673169
JEE_ADVANCED,2021,,,,Paper 1,1,English,Question Paper,,2021\Paper-1\Question-Paper\JEE_Advanced_2021_Paper-1_English.pdf,2021\Paper-1\Question-Paper\JEE_Advanced_2021_Paper-1_English.pdf,29,3237886
JEE_ADVANCED,2021,,,,Paper 1,1,Hindi,Question Paper,,2021\Paper-1\Question-Paper\JEE_Advanced_2021_Paper-1_Hindi.pdf,2021\Paper-1\Question-Paper\JEE_Advanced_2021_Paper-1_Hindi.pdf,33,4427642
JEE_ADVANCED,2021,,,,Paper 2,2,English,Question Paper,,2021\Paper-2\Question-Paper\JEE_Advanced_2021_Paper-2_English.pdf,2021\Paper-2\Question-Paper\JEE_Advanced_2021_Paper-2_English.pdf,29,3121110
JEE_ADVANCED,2021,,,,Paper 2,2,Hindi,Question Paper,,2021\Paper-2\Question-Paper\JEE_Advanced_2021_Paper-2_Hindi.pdf,2021\Paper-2\Question-Paper\JEE_Advanced_2021_Paper-2_Hindi.pdf,34,4813066
JEE_ADVANCED,2022,,,,Paper 1,1,English,Question Paper,,2022\Paper-1\Question-Paper\JEE_Advanced_2022_Paper-1_English.pdf,2022\Paper-1\Question-Paper\JEE_Advanced_2022_Paper-1_English.pdf,31,5180040
JEE_ADVANCED,2022,,,,Paper 1,1,Hindi,Question Paper,,2022\Paper-1\Question-Paper\JEE_Advanced_2022_Paper-1_Hindi.pdf,2022\Paper-1\Question-Paper\JEE_Advanced_2022_Paper-1_Hindi.pdf,31,12504766
JEE_ADVANCED,2022,,,,Paper 2,2,English,Question Paper,,2022\Paper-2\Question-Paper\JEE_Advanced_2022_Paper-2_English.pdf,2022\Paper-2\Question-Paper\JEE_Advanced_2022_Paper-2_English.pdf,26,4537759
JEE_ADVANCED,2022,,,,Paper 2,2,Hindi,Question Paper,,2022\Paper-2\Question-Paper\JEE_Advanced_2022_Paper-2_Hindi.pdf,2022\Paper-2\Question-Paper\JEE_Advanced_2022_Paper-2_Hindi.pdf,29,11409636
JEE_ADVANCED,2023,,,,Paper 1,1,English,Question Paper,,2023\Paper-1\Question-Paper\JEE_Advanced_2023_Paper-1_English.pdf,2023\Paper-1\Question-Paper\JEE_Advanced_2023_Paper-1_English.pdf,30,2570592
JEE_ADVANCED,2023,,,,Paper 1,1,Hindi,Question Paper,,2023\Paper-1\Question-Paper\JEE_Advanced_2023_Paper-1_Hindi.pdf,2023\Paper-1\Question-Paper\JEE_Advanced_2023_Paper-1_Hindi.pdf,31,2798360
JEE_ADVANCED,2023,,,,Paper 2,2,English,Question Paper,,2023\Paper-2\Question-Paper\JEE_Advanced_2023_Paper-2_English.pdf,2023\Paper-2\Question-Paper\JEE_Advanced_2023_Paper-2_English.pdf,31,2021375
JEE_ADVANCED,2023,,,,Paper 2,2,Hindi,Question Paper,,2023\Paper-2\Question-Paper\JEE_Advanced_2023_Paper-2_Hindi.pdf,2023\Paper-2\Question-Paper\JEE_Advanced_2023_Paper-2_Hindi.pdf,32,2489112
JEE_ADVANCED,2024,,,,Paper 1,1,English,Question Paper,,2024\Paper-1\Question-Paper\JEE_Advanced_2024_Paper-1_English.pdf,2024\Paper-1\Question-Paper\JEE_Advanced_2024_Paper-1_English.pdf,30,1835204
JEE_ADVANCED,2024,,,,Paper 1,1,Hindi,Question Paper,,2024\Paper-1\Question-Paper\JEE_Advanced_2024_Paper-1_Hindi.pdf,2024\Paper-1\Question-Paper\JEE_Advanced_2024_Paper-1_Hindi.pdf,34,4713952
JEE_ADVANCED,2024,,,,Paper 2,2,English,Question Paper,,2024\Paper-2\Question-Paper\JEE_Advanced_2024_Paper-2_English.pdf,2024\Paper-2\Question-Paper\JEE_Advanced_2024_Paper-2_English.pdf,26,5807895
JEE_ADVANCED,2024,,,,Paper 2,2,Hindi,Question Paper,,2024\Paper-2\Question-Paper\JEE_Advanced_2024_Paper-2_Hindi.pdf,2024\Paper-2\Question-Paper\JEE_Advanced_2024_Paper-2_Hindi.pdf,26,8437372
JEE_ADVANCED,2025,,,,Paper 1,1,English,Question Paper,,2025\Paper-1\Question-Paper\JEE_Advanced_2025_Paper-1_English.pdf,2025\Paper-1\Question-Paper\JEE_Advanced_2025_Paper-1_English.pdf,31,5260166
JEE_ADVANCED,2025,,,,Paper 1,1,Hindi,Question Paper,,2025\Paper-1\Question-Paper\JEE_Advanced_2025_Paper-1_Hindi.pdf,2025\Paper-1\Question-Paper\JEE_Advanced_2025_Paper-1_Hindi.pdf,36,4900829
JEE_ADVANCED,2025,,,,Paper 2,2,English,Question Paper,,2025\Paper-2\Question-Paper\JEE_Advanced_2025_Paper-2_English.pdf,2025\Paper-2\Question-Paper\JEE_Advanced_2025_Paper-2_English.pdf,21,4138409
JEE_ADVANCED,2025,,,,Paper 2,2,Hindi,Question Paper,,2025\Paper-2\Question-Paper\JEE_Advanced_2025_Paper-2_Hindi.pdf,2025\Paper-2\Question-Paper\JEE_Advanced_2025_Paper-2_Hindi.pdf,24,2072664
JEE_ADVANCED,2026,,,,Paper 1,1,Bilingual,Final Answer Key,2026\Paper-1\Answer-Key\JEE_Advanced_2026_Paper-1_Final-Answer-Key.pdf,,2026\Paper-1\Answer-Key\JEE_Advanced_2026_Paper-1_Final-Answer-Key.pdf,35,2360177
JEE_ADVANCED,2026,,,,Paper 1,1,Bilingual,Provisional Answer Key,2026\Paper-1\Answer-Key\JEE_Advanced_2026_Paper-1_Provisional-Answer-Key.pdf,,2026\Paper-1\Answer-Key\JEE_Advanced_2026_Paper-1_Provisional-Answer-Key.pdf,35,1399676
JEE_ADVANCED,2026,,,,Paper 1,1,English,Question Paper,,2026\Paper-1\Question-Paper\JEE_Advanced_2026_Paper-1_English.pdf,2026\Paper-1\Question-Paper\JEE_Advanced_2026_Paper-1_English.pdf,34,3245288
JEE_ADVANCED,2026,,,,Paper 1,1,Hindi,Question Paper,,2026\Paper-1\Question-Paper\JEE_Advanced_2026_Paper-1_Hindi.pdf,2026\Paper-1\Question-Paper\JEE_Advanced_2026_Paper-1_Hindi.pdf,38,3584736
JEE_ADVANCED,2026,,,,Paper 2,2,Bilingual,Final Answer Key,2026\Paper-2\Answer-Key\JEE_Advanced_2026_Paper-2_Final-Answer-Key.pdf,,2026\Paper-2\Answer-Key\JEE_Advanced_2026_Paper-2_Final-Answer-Key.pdf,30,2519342
JEE_ADVANCED,2026,,,,Paper 2,2,Bilingual,Provisional Answer Key,2026\Paper-2\Answer-Key\JEE_Advanced_2026_Paper-2_Provisional-Answer-Key.pdf,,2026\Paper-2\Answer-Key\JEE_Advanced_2026_Paper-2_Provisional-Answer-Key.pdf,30,1227363
JEE_ADVANCED,2026,,,,Paper 2,2,English,Question Paper,,2026\Paper-2\Question-Paper\JEE_Advanced_2026_Paper-2_English.pdf,2026\Paper-2\Question-Paper\JEE_Advanced_2026_Paper-2_English.pdf,29,2679043
JEE_ADVANCED,2026,,,,Paper 2,2,Hindi,Question Paper,,2026\Paper-2\Question-Paper\JEE_Advanced_2026_Paper-2_Hindi.pdf,2026\Paper-2\Question-Paper\JEE_Advanced_2026_Paper-2_Hindi.pdf,32,2839774
JEE_ADVANCED,Unknown,,,,AAT,AAT,Bilingual,Question Paper,,AAT\JEE_Advanced_2016_AAT_Question-Paper.pdf,AAT\JEE_Advanced_2016_AAT_Question-Paper.pdf,20,4926171
JEE_ADVANCED,Unknown,,,,AAT,AAT,Bilingual,Question Paper,,AAT\JEE_Advanced_2017_AAT_Question-Paper.pdf,AAT\JEE_Advanced_2017_AAT_Question-Paper.pdf,24,5607656
JEE_ADVANCED,Unknown,,,,AAT,AAT,Bilingual,Question Paper,,AAT\JEE_Advanced_2018_AAT_Question-Paper.pdf,AAT\JEE_Advanced_2018_AAT_Question-Paper.pdf,24,4300487
JEE_ADVANCED,Unknown,,,,AAT,AAT,Bilingual,Question Paper,,AAT\JEE_Advanced_2019_AAT_Question-Paper.pdf,AAT\JEE_Advanced_2019_AAT_Question-Paper.pdf,24,25427010
JEE_ADVANCED,Unknown,,,,AAT,AAT,Bilingual,Question Paper,,AAT\JEE_Advanced_2020_AAT_Question-Paper.pdf,AAT\JEE_Advanced_2020_AAT_Question-Paper.pdf,28,3278800
JEE_ADVANCED,Unknown,,,,AAT,AAT,Bilingual,Question Paper,,AAT\JEE_Advanced_2021_AAT_Question-Paper.pdf,AAT\JEE_Advanced_2021_AAT_Question-Paper.pdf,32,1539007
JEE_ADVANCED,Unknown,,,,AAT,AAT,Bilingual,Question Paper,,AAT\JEE_Advanced_2022_AAT_Question-Paper.pdf,AAT\JEE_Advanced_2022_AAT_Question-Paper.pdf,23,2136302
JEE_ADVANCED,Unknown,,,,AAT,AAT,Bilingual,Question Paper,,AAT\JEE_Advanced_2023_AAT_Question-Paper.pdf,AAT\JEE_Advanced_2023_AAT_Question-Paper.pdf,28,3940172
JEE_ADVANCED,Unknown,,,,AAT,AAT,Bilingual,Question Paper,,AAT\JEE_Advanced_2024_AAT_Question-Paper.pdf,AAT\JEE_Advanced_2024_AAT_Question-Paper.pdf,28,2672896
JEE_ADVANCED,Unknown,,,,AAT,AAT,Bilingual,Question Paper,,AAT\JEE_Advanced_2025_AAT_Question-Paper.pdf,AAT\JEE_Advanced_2025_AAT_Question-Paper.pdf,28,4010682
