year,session,paper,exam_date,shift,document_type,title,official_source_page_url,direct_document_url,local_filename,download_status,http_status,file_size_bytes,sha256_hash,date_downloaded,notes
2026,Session-2,Paper-1,2026-04-02,Shift-1,Question-Paper,B Tech 2nd Apr 2026 Shift 1,https://jeemain.nta.nic.in/,https://cdnbbsr.s3waas.gov.in/s3f8e59f4b2fe7c5705bf878bbd494ccdf/uploads/2026/04/202604092096865379.pdf,2026\Session-2\Question-Papers\JEE_Main_2026_Session-2_2026-04-02_Shift-1_Question-Paper.pdf,success,200,2463315,ba8b5256533e0a29e2eb71df3e322885335219d48259f4083365662f5ad7933b,2026-09-20 12:29:41,Verified authentic PDF
2026,Session-2,Paper-1,2026-04-02,Shift-2,Question-Paper,B Tech 2nd Apr 2026 Shift 2,https://jeemain.nta.nic.in/,https://cdnbbsr.s3waas.gov.in/s3f8e59f4b2fe7c5705bf878bbd494ccdf/uploads/2026/04/20260409481957146.pdf,2026\Session-2\Question-Papers\JEE_Main_2026_Session-2_2026-04-02_Shift-2_Question-Paper.pdf,success,200,2586255,7c9f31086094684cb7cf5ca9ce884b8991a3c19315dab282c7d320ed86eaf405,2026-09-20 12:29:42,Verified authentic PDF
2026,Session-2,Paper-1,2026-04-04,Shift-1,Question-Paper,B Tech 4th Apr 2026 Shift 1,https://jeemain.nta.nic.in/,https://cdnbbsr.s3waas.gov.in/s3f8e59f4b2fe7c5705bf878bbd494ccdf/uploads/2026/04/202604091916616339.pdf,2026\Session-2\Question-Papers\JEE_Main_2026_Session-2_2026-04-04_Shift-1_Question-Paper.pdf,success,200,2148210,1d8b98a5ebe417b5e9456996d00cf55a890ed87898919a2bbf2d580ef3685b4a,2026-09-20 12:29:43,Verified authentic PDF
2026,Session-2,Paper-1,2026-04-04,Shift-2,Question-Paper,B Tech 4th Apr 2026 Shift 2,https://jeemain.nta.nic.in/,https://cdnbbsr.s3waas.gov.in/s3f8e59f4b2fe7c5705bf878bbd494ccdf/uploads/2026/04/20260409432593766.pdf,2026\Session-2\Question-Papers\JEE_Main_2026_Session-2_2026-04-04_Shift-2_Question-Paper.pdf,success,200,2264985,2146491216c3ef79b210b8e4e4a2ed3c7afca1e9db198d4adcc23dd346cf5fc5,2026-09-20 12:29:44,Verified authentic PDF
2026,Session-2,Paper-1,2026-04-05,Shift-1,Question-Paper,B Tech 5th Apr 2026 Shift 1,https://jeemain.nta.nic.in/,https://cdnbbsr.s3waas.gov.in/s3f8e59f4b2fe7c5705bf878bbd494ccdf/uploads/2026/04/20260409828731207.pdf,2026\Session-2\Question-Papers\JEE_Main_2026_Session-2_2026-04-05_Shift-1_Question-Paper.pdf,success,200,2273572,20a14808d521007d48289171297030a4ac18710abc180bb7e3b2d23e2a0a19fb,2026-09-20 12:29:44,Verified authentic PDF
2026,Session-2,Paper-1,2026-04-05,Shift-2,Question-Paper,B Tech 5th Apr 2026 Shift 2,https://jeemain.nta.nic.in/,https://cdnbbsr.s3waas.gov.in/s3f8e59f4b2fe7c5705bf878bbd494ccdf/uploads/2026/04/20260409829414602.pdf,2026\Session-2\Question-Papers\JEE_Main_2026_Session-2_2026-04-05_Shift-2_Question-Paper.pdf,success,200,2644036,876efb4250b5d8e096f28bb48d9078e39f25f1ad70473701e5c13523716588d4,2026-09-20 12:29:45,Verified authentic PDF
2026,Session-2,Paper-1,2026-04-06,Shift-1,Question-Paper,B Tech 6th Apr 2026 Shift 1,https://jeemain.nta.nic.in/,https://cdnbbsr.s3waas.gov.in/s3f8e59f4b2fe7c5705bf878bbd494ccdf/uploads/2026/04/202604092007095665.pdf,2026\Session-2\Question-Papers\JEE_Main_2026_Session-2_2026-04-06_Shift-1_Question-Paper.pdf,success,200,2202415,a95fbbd91673783722fe98e0455860fac1585135d2e84e31f147cbd893226eeb,2026-09-20 12:29:46,Verified authentic PDF
2026,Session-2,Paper-1,2026-04-06,Shift-2,Question-Paper,B Tech 6th Apr 2026 Shift 2,https://jeemain.nta.nic.in/,https://cdnbbsr.s3waas.gov.in/s3f8e59f4b2fe7c5705bf878bbd494ccdf/uploads/2026/04/20260409725707538.pdf,2026\Session-2\Question-Papers\JEE_Main_2026_Session-2_2026-04-06_Shift-2_Question-Paper.pdf,success,200,2597034,2983baca258ad15a77a4bc66968aa57239a217298a73e3f4e51caad1777368d5,2026-09-20 12:29:47,Verified authentic PDF
2026,Session-2,Paper-1,2026-04-08,Shift-2,Question-Paper,B Tech 8th Apr 2026 Shift 2,https://jeemain.nta.nic.in/,https://cdnbbsr.s3waas.gov.in/s3f8e59f4b2fe7c5705bf878bbd494ccdf/uploads/2026/04/20260409932754345.pdf,2026\Session-2\Question-Papers\JEE_Main_2026_Session-2_2026-04-08_Shift-2_Question-Paper.pdf,success,200,2651238,079e3b7ae67b70309f22b33e37b720cba65b47c6d96760113a4302cee1122416,2026-09-20 12:29:48,Verified authentic PDF
2026,Session-General,Paper-2,,,Final-Answer-Key,Final Answer Keys for JEE(Main) – 2026 Paper-II [B.Arch / B.Planning],https://jeemain.nta.nic.in/,https://cdnbbsr.s3waas.gov.in/s3f8e59f4b2fe7c5705bf878bbd494ccdf/uploads/2026/05/20260504722672757.pdf,2026\Session-General\Answer-Keys\JEE_Main_2026_Session-General_Paper-2_Final-Answer-Key.pdf,success,200,18115,edd30ed7e01be0b69915ac106279be3b45c465ff81a5981ca90695d68a55bf4a,2026-09-20 12:29:48,Verified authentic PDF
2026,Session-2,Paper-1,,,Final-Answer-Key,Final Answer Keys for JEE(Main) – 2026 [Session-II] (B.E. / B. Tech),https://jeemain.nta.nic.in/,https://cdnbbsr.s3waas.gov.in/s3f8e59f4b2fe7c5705bf878bbd494ccdf/uploads/2026/04/20260420409057044.pdf,2026\Session-2\Answer-Keys\JEE_Main_2026_Session-2_Paper-1_Final-Answer-Key.pdf,success,200,33395,07c89e20741c17f14a000501d6f79055d09834692de0dcb792bf237b77e1c7f9,2026-09-20 12:29:49,Verified authentic PDF
2026,Session-1,Paper-2,,,Final-Answer-Key,Final Answer Keys for JEE(Main) – 2026 [Session-1] [Paper-II (B.Arch / B.Planning)],https://jeemain.nta.nic.in/,https://cdnbbsr.s3waas.gov.in/s3f8e59f4b2fe7c5705bf878bbd494ccdf/uploads/2026/02/202602231290909219.pdf,2026\Session-1\Answer-Keys\JEE_Main_2026_Session-1_Paper-2_Final-Answer-Key.pdf,success,200,18711,67b966b4b9d0c55a24ce732cafe3e024f20edbaaae4db0ef0b573a33b417e73b,2026-09-20 12:29:50,Verified authentic PDF
2026,Session-1,Paper-1,,,Final-Answer-Key,"Final Answer Keys of JEE (Main)–2026 [Session-I] Paper-1 for candidates who appeared at centres within India and outside India, along with Option IDs – Paper-1 (B.E./B.Tech)",https://jeemain.nta.nic.in/,https://cdnbbsr.s3waas.gov.in/s3f8e59f4b2fe7c5705bf878bbd494ccdf/uploads/2026/02/202602161216637872.pdf,2026\Session-1\Answer-Keys\JEE_Main_2026_Session-1_Paper-1_Final-Answer-Key.pdf,success,200,35822,06b0bb57d4cf2a52dc6210a7cc98b1b8bd112bc916cbb5e8a518d580f195077a,2026-09-20 12:29:51,Verified authentic PDF
2026,Session-1,Paper-1,,,Final-Answer-Key,Final Answer Keys of JEE(Main)-2026 [Session-I] [Paper-I (B.E. / B.Tech)],https://jeemain.nta.nic.in/,https://cdnbbsr.s3waas.gov.in/s3f8e59f4b2fe7c5705bf878bbd494ccdf/uploads/2026/02/20260216459398513.pdf,2026\Session-1\Answer-Keys\JEE_Main_2026_Session-1_Paper-1_Final-Answer-Key_2.pdf,success,200,25169,51a9b929ea4577ddfaaefa59640b70f072ff476f9a50eaf1259599b3cfc617e0,2026-09-20 12:29:51,Verified authentic PDF
2022,Session-2,Paper-1,,,Question-Paper,Subject (English) – Display of Provisional Answer Keys and Question Paper with Recorded Responses for Answer Key Challenge for Joint Entrance Examination (Main) – 2022 Session 2 (July 2022),https://jeemain.nta.nic.in/?s=question+paper,https://cdnbbsr.s3waas.gov.in/s3f8e59f4b2fe7c5705bf878bbd494ccdf/uploads/2022/08/2022080394.pdf,2022\Session-2\Question-Papers\JEE_Main_2022_Session-2_Question-Paper.pdf,success,200,843302,7c88008003adc4346acdedfadd4eb9eb54122de58ff50073e700e3b8c7e2be4f,2026-09-20 12:29:52,Verified authentic PDF
2022,Session-1,Paper-1,2022-07-03,,Question-Paper,PUBLIC NOTICE 03 July 2022 Sub: Extension for Duration of Display of Provisional Answer Keys and Question Paper with Recorded Responses for Answer Key Challenge for JEE (Main) – 2022 Session 1 – Reg.,https://jeemain.nta.nic.in/?s=question+paper,https://cdnbbsr.s3waas.gov.in/s3f8e59f4b2fe7c5705bf878bbd494ccdf/uploads/2022/07/2022070478.pdf,2022\Session-1\Question-Papers\JEE_Main_2022_Session-1_2022-07-03_Question-Paper.pdf,success,200,955788,eee05b5f29a40359c88f645330ab7a40b06634c451fc15ab7af8ccd351de661f,2026-09-20 12:29:53,Verified authentic PDF
2022,Session-1,Paper-1,2022-07-03,,Question-Paper,PUBLIC NOTICE 03 July 2022 Sub: Extension for Duration of Display of Provisional Answer Keys and Question Paper with Recorded Responses for Answer Key Challenge for JEE (Main) – 2022 Session 1 – Reg.,https://jeemain.nta.nic.in/?s=question+paper,https://cdnbbsr.s3waas.gov.in/s3f8e59f4b2fe7c5705bf878bbd494ccdf/uploads/2022/07/2022070382.pdf,2022\Session-1\Question-Papers\JEE_Main_2022_Session-1_2022-07-03_Question-Paper.pdf,skipped_duplicate,200,955788,eee05b5f29a40359c88f645330ab7a40b06634c451fc15ab7af8ccd351de661f,2026-09-20 12:29:54,Duplicate of JEE_Main_2022_Session-1_2022-07-03_Question-Paper.pdf
2022,Session-1,Paper-1,,,Question-Paper,Subject (for English) – Display of Provisional Answer Keys and Question Paper with Recorded Responses for Answer Key Challenge for JEE (Main) – 2022 Session 1,https://jeemain.nta.nic.in/?s=question+paper,https://cdnbbsr.s3waas.gov.in/s3f8e59f4b2fe7c5705bf878bbd494ccdf/uploads/2022/07/2022070216.pdf,2022\Session-1\Question-Papers\JEE_Main_2022_Session-1_Question-Paper.pdf,success,200,1208460,46d483eba584492e3f6a545df623b815dcc6bd7ac8c5d764bebcc9d263c915e9,2026-09-20 12:29:55,Verified authentic PDF
2022,Session-General,Paper-1,2021-09-06,,Question-Paper,PUBLIC NOTICE 06 September 2021 Subject: Display of Provisional Answer Keys and Question Paper with Recorded Responses for Answer Key Challenge for JEE (Main) – 2021 Session – 4 for Paper 1 (B.E./B.Tech.) – Reg.,https://jeemain.nta.nic.in/?s=question+paper,https://cdnbbsr.s3waas.gov.in/s3f8e59f4b2fe7c5705bf878bbd494ccdf/uploads/2022/01/2022012139.pdf,2022\Session-General\Question-Papers\JEE_Main_2022_Session-General_2021-09-06_Question-Paper.pdf,success,200,560295,fcacc355635baa7fbc06ed03b7a307b95cbaf2a6f9e7554058d3f35c8d6e0739,2026-09-20 12:29:56,Verified authentic PDF
2022,Session-4,Paper-2,2021-09-28,,Question-Paper,PUBLIC NOTICE 28 September 2021 Subject: Display of Provisional Answer Keys and Question Paper with Recorded Responses for Answer Key Challenge for JEE (Main) 2021 Session 4 for Paper 2A(B.Arch.) and Paper 2B (B.Planning) Reg.,https://jeemain.nta.nic.in/?s=question+paper,https://cdnbbsr.s3waas.gov.in/s3f8e59f4b2fe7c5705bf878bbd494ccdf/uploads/2022/01/2022012196.pdf,2022\Session-4\Question-Papers\JEE_Main_2022_Session-4_2021-09-28_Question-Paper.pdf,success,200,556452,560c22164c504396b19558fd9b07af42ec7f54c79c18a3d52647edf0a9f441ef,2026-09-20 12:29:57,Verified authentic PDF
2025,Session-2,Paper-2,,,Final-Answer-Key,Final Answer Keys for JEE(Main)-2025 Session-2 [Paper-II] (B.Arch/ B.Planning)  Accessible Version :View(18 KB),https://jeemain.nta.nic.in/?s=final+answer+key,https://cdnbbsr.s3waas.gov.in/s3f8e59f4b2fe7c5705bf878bbd494ccdf/uploads/2025/05/2025052254.pdf,2025\Session-2\Answer-Keys\JEE_Main_2025_Session-2_Paper-2_Final-Answer-Key.pdf,success,200,18270,60e530198c62c780c13ec1e228aadced039128c641dc95e6374ef0b754252d68,2026-09-20 12:29:58,Verified authentic PDF
2025,Session-2,Paper-2,,,Final-Answer-Key,Final Answer Key for JEE(Main)-2025 Session-2 [Paper-II](B.Arch / B.Planning)  Accessible Version :View(18 KB),https://jeemain.nta.nic.in/?s=final+answer+key,https://cdnbbsr.s3waas.gov.in/s3f8e59f4b2fe7c5705bf878bbd494ccdf/uploads/2025/05/2025052147.pdf,2025\Session-2\Answer-Keys\JEE_Main_2025_Session-2_Paper-2_Final-Answer-Key_2.pdf,success,200,18617,4cba9a51411825b48f6adb925b157753021b470ee54a72b27d6f705ea99de7d1,2026-09-20 12:29:59,Verified authentic PDF
2025,Session-2,Paper-1,,,Final-Answer-Key,Final Answer Keys for JEE(Main) 2025 Session-2 [Paper-1 (B.E./B.Tech)]  Accessible Version :View(279 KB),https://jeemain.nta.nic.in/?s=final+answer+key,https://cdnbbsr.s3waas.gov.in/s3f8e59f4b2fe7c5705bf878bbd494ccdf/uploads/2025/04/2025041892.pdf,2025\Session-2\Answer-Keys\JEE_Main_2025_Session-2_Paper-1_Final-Answer-Key.pdf,success,200,286072,b00208d79179a4a69bb2fdd3176cfee9e0a0b02b01bd10da45bf617aa1ec8453,2026-09-20 12:30:00,Verified authentic PDF
2025,Session-General,Paper-1,,,Final-Answer-Key,Release of Final Answer Keys of JEE (Main)-2025 Examination  Accessible Version :View(276 KB),https://jeemain.nta.nic.in/?s=final+answer+key,https://cdnbbsr.s3waas.gov.in/s3f8e59f4b2fe7c5705bf878bbd494ccdf/uploads/2025/04/2025041831.pdf,2025\Session-General\Answer-Keys\JEE_Main_2025_Session-General_Paper-1_Final-Answer-Key.pdf,success,200,282570,896f8715e4285ff337a586618b5b95c3be6b082a35550547bd5f1d111244a700,2026-09-20 12:30:01,Verified authentic PDF
2025,Session-1,Paper-2,,,Final-Answer-Key,Final Answer Key for JEE(Main)-2025 Session-1 Paper-2(B.Plan/B.Arch),https://jeemain.nta.nic.in/?s=final+answer+key,https://cdnbbsr.s3waas.gov.in/s3f8e59f4b2fe7c5705bf878bbd494ccdf/uploads/2025/02/2025022236.pdf,2025\Session-1\Answer-Keys\JEE_Main_2025_Session-1_Paper-2_Final-Answer-Key.pdf,success,200,18251,06cbe65cf9e951f5b892e0e97ebfcb16a2fe45f399172d7241e4fa8bc3b3b3cd,2026-09-20 12:30:01,Verified authentic PDF
2025,Session-General,Paper-1,,,Final-Answer-Key,JEE (Main) – 2025 : SESSION – 1 FINAL ANSWER KEY OF B.E. / B.Tech AS ON 10.02.2025,https://jeemain.nta.nic.in/?s=final+answer+key,https://cdnbbsr.s3waas.gov.in/s3f8e59f4b2fe7c5705bf878bbd494ccdf/uploads/2025/02/2025021039.pdf,2025\Session-General\Answer-Keys\JEE_Main_2025_Session-General_Paper-1_Final-Answer-Key_2.pdf,success,200,36794,b5135ccf76baea695ba5b6f201f6f3fe682936ff61e73b423126c6daf5c94ace,2026-09-20 12:30:02,Verified authentic PDF
2025,Session-General,Paper-1,,,Final-Answer-Key,JEE (Main) – 2025 : SESSION – 1 FINAL ANSWER KEY OF B.E. / B.Tech AS ON 09.02.2025,https://jeemain.nta.nic.in/?s=final+answer+key,https://cdnbbsr.s3waas.gov.in/s3f8e59f4b2fe7c5705bf878bbd494ccdf/uploads/2025/02/2025021053.pdf,2025\Session-General\Answer-Keys\JEE_Main_2025_Session-General_Paper-1_Final-Answer-Key_3.pdf,success,200,36596,d148d6d49fc1aefd686e9a3c423ae45d9458ed46f4f6e28eef92753ac073c25e,2026-09-20 12:30:03,Verified authentic PDF
2023,Session-1,Paper-2,,,Answer-Key,Answer Key of JEE (Main) Session-1 2023 of Paper-2.,https://jeemain.nta.nic.in/?s=session+1+answer+key,https://cdnbbsr.s3waas.gov.in/s3f8e59f4b2fe7c5705bf878bbd494ccdf/uploads/2023/02/2023022713.pdf,2023\Session-1\Answer-Keys\JEE_Main_2023_Session-1_Paper-2_Answer-Key.pdf,success,200,13914,3f5e66b295b6763c2b6b75190b4ee896758d7c3f6c73088890be4a680a3f83a1,2026-09-20 12:30:04,Verified authentic PDF
2023,Session-General,Paper-1,,,Final-Answer-Key,JEE MAIN (2023): FINAL ANSWER KEYS Paper 1 – B.E. / B.Tech,https://jeemain.nta.nic.in/?s=paper+1,https://cdnbbsr.s3waas.gov.in/s3f8e59f4b2fe7c5705bf878bbd494ccdf/uploads/2023/02/2023020697.pdf,2023\Session-General\Answer-Keys\JEE_Main_2023_Session-General_Paper-1_Final-Answer-Key.pdf,success,200,277512,54d7a2af9efc68b3af26dce84fc5185b552d922bb5cb1345a2e1b913c261af0d,2026-09-20 12:30:04,Verified authentic PDF
2023,Session-General,Paper-1,,,Final-Answer-Key,JEE MAIN (2023): FINAL PROVISIONAL ANSWER KEYS Paper 1 – B.E. / B.Tech,https://jeemain.nta.nic.in/?s=paper+1,https://cdnbbsr.s3waas.gov.in/s3f8e59f4b2fe7c5705bf878bbd494ccdf/uploads/2023/02/2023020578.pdf,2023\Session-General\Answer-Keys\JEE_Main_2023_Session-General_Paper-1_Final-Answer-Key_2.pdf,success,200,273698,9e130698658269a367c64d7a0093c4bd15994ae6c4043eb93ab2c2f8bc5c7f22,2026-09-20 12:30:05,Verified authentic PDF
2022,Session-2,Paper-2,,,Answer-Key,NATIONAL TESTING AGENCYJoint Entrance Examination (Main) – April / September 2020 ANSWER KEYSPaper 2 – B.Arch / B.Planning,https://jeemain.nta.nic.in/?s=paper+2,https://cdnbbsr.s3waas.gov.in/s3f8e59f4b2fe7c5705bf878bbd494ccdf/uploads/2022/01/2022012152.pdf,2022\Session-2\Answer-Keys\JEE_Main_2022_Session-2_Paper-2_Answer-Key.pdf,success,200,76801,1d13fb4adce3ce65367bc18803b238f8a8a734b4a3cc20e399cffd8a51257632,2026-09-20 12:30:06,Verified authentic PDF
2026,Session-General,Paper-2,,,Final-Answer-Key,Final Answer Keys for JEE(Main) - 2026 Paper-II [B.Arch / B.Planning],https://nta.ac.in/Downloads,https://nta.ac.in/Download/Notice/Notice_20260504155839.pdf,2026\Session-General\Answer-Keys\JEE_Main_2026_Session-General_Paper-2_Final-Answer-Key.pdf,skipped_duplicate,200,18115,edd30ed7e01be0b69915ac106279be3b45c465ff81a5981ca90695d68a55bf4a,2026-09-20 12:30:07,Duplicate of JEE_Main_2026_Session-General_Paper-2_Final-Answer-Key.pdf
2026,Session-2,Paper-1,,,Final-Answer-Key,Final Answer Keys for JEE(Main) - 2026 [Session-II] (B.E. / B. Tech),https://nta.ac.in/Downloads,https://nta.ac.in/Download/Notice/Notice_20260420132025.pdf,2026\Session-2\Answer-Keys\JEE_Main_2026_Session-2_Paper-1_Final-Answer-Key.pdf,skipped_duplicate,200,33395,07c89e20741c17f14a000501d6f79055d09834692de0dcb792bf237b77e1c7f9,2026-09-20 12:30:08,Duplicate of JEE_Main_2026_Session-2_Paper-1_Final-Answer-Key.pdf
2025,Session-General,Paper-1,,,Final-Answer-Key,JEE (Main) – 2025 : SESSION – 1 FINAL ANSWER KEY OF B.E. / B.Tech AS ON 09.02.2025,https://nta.ac.in/Downloads,https://nta.ac.in/Download/Notice/Notice_20250210115032.pdf,2025\Session-General\Answer-Keys\JEE_Main_2025_Session-General_Paper-1_Final-Answer-Key_2.pdf,skipped_duplicate,200,36794,b5135ccf76baea695ba5b6f201f6f3fe682936ff61e73b423126c6daf5c94ace,2026-09-20 12:30:09,Duplicate of JEE_Main_2025_Session-General_Paper-1_Final-Answer-Key_2.pdf
2024,Session-2,Paper-1,2024-04-22,,Final-Answer-Key,"Final Answer Keys for the JEE (Main) - 2024 Session 2, dated 22 April 2024",https://nta.ac.in/Downloads,https://nta.ac.in/Download/Notice/Notice_20240424132602.pdf,2024\Session-2\Answer-Keys\JEE_Main_2024_Session-2_2024-04-22_Paper-1_Final-Answer-Key.pdf,success,200,23615,3d3dd32ffc8b637b48656739ab5e360822481cfb5a127f17fcba0ffbe84ba757,2026-09-20 12:30:09,Verified authentic PDF
2024,Session-2,Paper-1,,,Final-Answer-Key,Final Answer Keys for the JEE (Main) - 2024 Session 2,https://nta.ac.in/Downloads,https://nta.ac.in/Download/Notice/Notice_20240422121837.pdf,2024\Session-2\Answer-Keys\JEE_Main_2024_Session-2_Paper-1_Final-Answer-Key.pdf,success,200,23621,f310995149d4e1d8a3f6b3b1bc121793e99caabe58c9438c12cdcfb09b2b2823,2026-09-20 12:30:10,Verified authentic PDF
2024,Session-1,Paper-2,,,Final-Answer-Key,Final Answer Keys for Paper 2 (B.Arch. / B.Planning) of the JEE (Main) - 2024 Session-1,https://nta.ac.in/Downloads,https://nta.ac.in/Download/Notice/Notice_20240304205411.pdf,2024\Session-1\Answer-Keys\JEE_Main_2024_Session-1_Paper-2_Final-Answer-Key.pdf,success,200,13744,d98c3a6c444538381880e31677e03013bc4e5a90f5e6d840e43983713d2f35c7,2026-09-20 12:30:11,Verified authentic PDF
2024,Session-1,Paper-1,2024-01-31,,Final-Answer-Key,"Final Answer Keys for Paper 1 (B.E./B.Tech.) of the JEE (Main) - 2024 Session 1 held on 27, 29, 30, 31 January 2024 and 01 February 2024",https://nta.ac.in/Downloads,https://nta.ac.in/Download/Notice/Notice_20240212120843.pdf,2024\Session-1\Answer-Keys\JEE_Main_2024_Session-1_2024-01-31_Paper-1_Final-Answer-Key.pdf,success,200,23553,2eee0c466f49712827c46945db029ddc163c3d562feda763113783a2b151f9d6,2026-09-20 12:30:12,Verified authentic PDF
2023,Session-2,Paper-1,,,Question-Paper,1022 Display of Provisional Answer Keys and Question Paper with Recorded Responses for Answer Key Challenge for Joint Entrance Examination JEE (Main) – 2023 Session 2 - Reg.,https://nta.ac.in/NoticeBoardArchive,https://nta.ac.in/Download/Notice/Notice_20230419201035.pdf,2023\Session-2\Question-Papers\JEE_Main_2023_Session-2_Question-Paper.pdf,success,200,1223930,0982f5c8a20381785f8ebb2d55289c8561042cc36c4aa8b4000e5a9f0e507ab4,2026-09-20 12:30:13,Verified authentic PDF
2022,Session-2,Paper-1,,,Final-Answer-Key,1195 NATIONAL TESTING AGENCY JEE - 2022 (Session 2) - PROVISIONAL FINAL KEY B.E/B.Tech.(Paper I),https://nta.ac.in/NoticeBoardArchive,https://nta.ac.in/Download/Notice/Notice_20220807072316.pdf,2022\Session-2\Answer-Keys\JEE_Main_2022_Session-2_Paper-1_Final-Answer-Key.pdf,success,200,57183,a6fc2f3d8fbd1bb5a4bbe6c3d20683d1cddf082a46ec33fc156e7ec1e88fab32,2026-09-20 12:30:14,Verified authentic PDF
2022,Session-2,Paper-1,,,Question-Paper,1201 Subject (English) - Display of Provisional Answer Keys and Question Paper with Recorded Responses for Answer Key Challenge for Joint Entrance Examination (Main) – 2022 Session 2 (July 2022),https://nta.ac.in/NoticeBoardArchive,https://nta.ac.in/Download/Notice/Notice_20220803205533.pdf,2022\Session-2\Question-Papers\JEE_Main_2022_Session-2_Question-Paper.pdf,skipped_duplicate,200,843302,7c88008003adc4346acdedfadd4eb9eb54122de58ff50073e700e3b8c7e2be4f,2026-09-20 12:30:15,Duplicate of JEE_Main_2022_Session-2_Question-Paper.pdf
2022,Session-1,Paper-1,,,Final-Answer-Key,1231 JEE(Main) - 2022 (Session 1) - PROVISIONAL FINAL KEY B.E/B.Tech.(Paper I),https://nta.ac.in/NoticeBoardArchive,https://nta.ac.in/Download/Notice/Notice_20220706175655.pdf,2022\Session-1\Answer-Keys\JEE_Main_2022_Session-1_Paper-1_Final-Answer-Key.pdf,success,200,60644,5dcc37033205cc69714d08514a9bc7c819cd80700a07c67e3709eabb704c41a4,2026-09-20 12:30:16,Verified authentic PDF
2022,Session-1,Paper-1,2022-07-03,,Question-Paper,1234 PUBLIC NOTICE 03 July 2022 Sub: Extension for Duration of Display of Provisional Answer Keys and Question Paper with Recorded Responses for Answer Key Challenge for JEE (Main) – 2022 Session 1 - Reg.,https://nta.ac.in/NoticeBoardArchive,https://nta.ac.in/Download/Notice/Notice_20220703210359.pdf,2022\Session-1\Question-Papers\JEE_Main_2022_Session-1_2022-07-03_Question-Paper.pdf,skipped_duplicate,200,955788,eee05b5f29a40359c88f645330ab7a40b06634c451fc15ab7af8ccd351de661f,2026-09-20 12:30:17,Duplicate of JEE_Main_2022_Session-1_2022-07-03_Question-Paper.pdf
2022,Session-1,Paper-1,,,Question-Paper,1236 Subject (for English) - Display of Provisional Answer Keys and Question Paper with Recorded Responses for Answer Key Challenge for JEE (Main) – 2022 Session 1,https://nta.ac.in/NoticeBoardArchive,https://nta.ac.in/Download/Notice/Notice_20220702204623.pdf,2022\Session-1\Question-Papers\JEE_Main_2022_Session-1_Question-Paper.pdf,skipped_duplicate,200,1208460,46d483eba584492e3f6a545df623b815dcc6bd7ac8c5d764bebcc9d263c915e9,2026-09-20 12:30:18,Duplicate of JEE_Main_2022_Session-1_Question-Paper.pdf
2021,Session-4,Paper-2,,,Final-Answer-Key,1427 NATIONAL TESTING AGENCY JEE (Main) SESSION - 4  (2021) FINAL ANSWER KEY OF PAPER-2 ON WHICH RESULT COMPILED ON 05.10.2021,https://nta.ac.in/NoticeBoardArchive,https://nta.ac.in/Download/Notice/Notice_20211005234236.pdf,2021\Session-4\Answer-Keys\JEE_Main_2021_Session-4_Paper-2_Final-Answer-Key.pdf,success,200,19754,9766f38fa02b8a623dea9f5a7f1313587b2b94430e3ae857fd14bd9831a9528b,2026-09-20 12:30:18,Verified authentic PDF
2021,Session-General,Paper-2,2021-09-28,,Question-Paper,1435 PUBLIC NOTICE  28 September 2021 Subject: Display of Provisional Answer Keys and Question Paper with Recorded                  Responses for Answer Key Challenge for JEE (Main) – 2021 Session – 4 for   Paper 2A(B.Arch.) and Paper 2B (B.Planning)  - Reg.,https://nta.ac.in/NoticeBoardArchive,https://nta.ac.in/Download/Notice/Notice_20210928163256.pdf,2022\Session-4\Question-Papers\JEE_Main_2022_Session-4_2021-09-28_Question-Paper.pdf,skipped_duplicate,200,556452,560c22164c504396b19558fd9b07af42ec7f54c79c18a3d52647edf0a9f441ef,2026-09-20 12:30:19,Duplicate of JEE_Main_2022_Session-4_2021-09-28_Question-Paper.pdf
2021,Session-4,Paper-1,,,Final-Answer-Key,"1445 NATIONAL TESTING AGENCY JEE (Main) Session - 4,  2021 FINAL ANSWER KEY  ON Which Result Compiled on 15.09.2021",https://nta.ac.in/NoticeBoardArchive,https://nta.ac.in/Download/Notice/Notice_20210915141450.pdf,2021\Session-4\Answer-Keys\JEE_Main_2021_Session-4_Paper-1_Final-Answer-Key.pdf,success,200,19689,3d9e0aa5da24884ca8eaa105b8f38b8461e0d45f3df2dacc1c29fc6ecdb31783,2026-09-20 12:30:20,Verified authentic PDF
2021,Session-General,Paper-1,2021-09-06,,Question-Paper,1455 PUBLIC NOTICE   06 September 2021   Subject: Display of Provisional Answer Keys and Question Paper with Recorded   Responses for Answer Key Challenge for JEE (Main) – 2021 Session – 4 for   Paper 1 (B.E./B.Tech.) - Reg.,https://nta.ac.in/NoticeBoardArchive,https://nta.ac.in/Download/Notice/Notice_20210906192355.pdf,2022\Session-General\Question-Papers\JEE_Main_2022_Session-General_2021-09-06_Question-Paper.pdf,skipped_duplicate,200,560295,fcacc355635baa7fbc06ed03b7a307b95cbaf2a6f9e7554058d3f35c8d6e0739,2026-09-20 12:30:21,Duplicate of JEE_Main_2022_Session-General_2021-09-06_Question-Paper.pdf
2021,Session-3,Paper-1,,,Final-Answer-Key,"1503 NATIONAL TESTING AGENCY JEE (Main) Session - 3,  2021 FINAL ANSWER KEY ON WHICH RESULT COMPILED  ON  06.08.2021",https://nta.ac.in/NoticeBoardArchive,https://nta.ac.in/Download/Notice/Notice_20210806221131.pdf,2021\Session-3\Answer-Keys\JEE_Main_2021_Session-3_Paper-1_Final-Answer-Key.pdf,success,200,25615,26933f2a3ab69a2e70c95d75d3f8130d45b4149682877bb730d663be0c8ac68e,2026-09-20 12:30:22,Verified authentic PDF
2021,Session-3,Paper-1,2021-07-29,,Question-Paper,1514 PUBLIC NOTICE  29 July 2021 Subject: Display of Provisional Answer Keys and Question Paper with Recorded  Responses for Answer Key Challenge for JEE (Main) – 2021 Session - 3 - Reg.,https://nta.ac.in/NoticeBoardArchive,https://nta.ac.in/Download/Notice/Notice_20210729150454.pdf,2021\Session-3\Question-Papers\JEE_Main_2021_Session-3_2021-07-29_Question-Paper.pdf,success,200,559052,0bcac909a0d1ab070c6791445594a9fdfd3624b0dd772f580d77fbb8dcb4fd6a,2026-09-20 12:30:22,Verified authentic PDF
2021,Session-2,Paper-1,,,Final-Answer-Key,1567 JEE (Main) MAR- 2021 FINAL ANSWER KEY B.E/B.Tech,https://nta.ac.in/NoticeBoardArchive,https://nta.ac.in/Download/Notice/Notice_20210324193450.pdf,2021\Session-2\Answer-Keys\JEE_Main_2021_Session-2_Paper-1_Final-Answer-Key.pdf,success,200,128254,754c8958bafac5f5461f5f3210e249eea6dc82cf9b00d3aed7b5eaa93fa7de98,2026-09-20 12:30:23,Verified authentic PDF
2021,Session-2,Paper-1,,,Question-Paper,1568 Public Notice JEE(Main) March 2021 Display of Provisional Answer Keys and Question Paper with Recorded Responses for Answer Key Challenge - Reg,https://nta.ac.in/NoticeBoardArchive,https://nta.ac.in/Download/Notice/Notice_20210320162235.pdf,2021\Session-2\Question-Papers\JEE_Main_2021_Session-2_Question-Paper.pdf,success,200,618398,28d9139e9701c22405cf998f34e1e27dfa3756ede9dd8a2cc0b80fb08a9e8626,2026-09-20 12:30:24,Verified authentic PDF
2021,Session-1,Paper-1,,,Final-Answer-Key,1584 JEE (Main) FEB - 2021 FINAL ANSWER KEY ON WHICH RESULT COMPILED ON 08.03.2021,https://nta.ac.in/NoticeBoardArchive,https://nta.ac.in/Download/Notice/Notice_20210308221806.pdf,2021\Session-1\Answer-Keys\JEE_Main_2021_Session-1_Paper-1_Final-Answer-Key.pdf,success,200,128631,e04f6baaae3ba8e51d10ded321c3f595235a31fe36d8a233aee537f9e30b014c,2026-09-20 12:30:25,Verified authentic PDF
2021,Session-1,Paper-1,,,Final-Answer-Key,1585 JEE (Main) FEB - 2021 FINAL ANSWER KEY,https://nta.ac.in/NoticeBoardArchive,https://nta.ac.in/Download/Notice/Notice_20210307224455.pdf,2021\Session-1\Answer-Keys\JEE_Main_2021_Session-1_Paper-1_Final-Answer-Key_2.pdf,success,200,126563,4ed84d2840a53330a63262d187ef9f2bc45f483e815274c83d202979c9db06be,2026-09-20 12:30:26,Verified authentic PDF
2019,Session-General,Paper-1,,,Question-Paper,1829 Press Release JEE (Main) - medium of question paper,https://nta.ac.in/NoticeBoardArchive,https://nta.ac.in/Download/Notice/Notice_20191107100147.pdf,2019\Session-General\Question-Papers\JEE_Main_2019_Session-General_Question-Paper.pdf,success,200,122288,0c10d8450b82c3238562d95d3059b644df999abf5adddefefbab0f361cee8c3f,2026-09-20 12:30:26,Verified authentic PDF
2019,Session-April,Paper-1,,,Final-Answer-Key,1884 JEE-Main April 2019 Result: Final Answer Key,https://nta.ac.in/NoticeBoardArchive,https://nta.ac.in/Download/Notice/20190429154957.pdf,2019\Session-April\Answer-Keys\JEE_Main_2019_Session-April_Paper-1_Final-Answer-Key.pdf,success,200,91557,80bc01bbef3c9ebd322f8c7ba59fed17a565a0718c62888748c120debc22c3ca,2026-09-20 12:30:27,Verified authentic PDF
2026,Session-2,Paper-2,,,Provisional-Answer-Key-Notice,"156 Display of Provisional Answer Keys and Recorded Response Sheet for Answer Key Challenge of Joint Entrance Examination (Main) - 2026 Session 2, Paper 2A (B. Arch) & 2B (B. Planning) (April 2026) - Reg.",https://nta.ac.in/NoticeBoardArchive,https://nta.ac.in/Download/Notice/Notice_20260425181933.pdf,2026\Session-2\Notices\JEE_Main_2026_Session-2_Paper-2_Provisional-Answer-Key-Notice.pdf,success,200,909048,b42eb71dfc854837382a5aa5f963fe40c782e864e615e3ecf8ee13de223b0965,2026-09-20 12:30:28,Verified authentic PDF
2026,Session-2,Paper-1,,,Provisional-Answer-Key-Notice,176 Display of Provisional Answer Keys and Recorded Response Sheet for Answer Key Challenge of Joint Entrance Examination (Main) - 2026 Session 2 (April 2026) - Reg.,https://nta.ac.in/NoticeBoardArchive,https://nta.ac.in/Download/Notice/Notice_20260411211342.pdf,2026\Session-2\Notices\JEE_Main_2026_Session-2_Paper-1_Provisional-Answer-Key-Notice.pdf,success,200,900898,dc52dcae8b3061871d13e1872bf90a51eddd7b24ba507bbc7a903048cf093a5a,2026-09-20 12:30:29,Verified authentic PDF
2026,Session-1,Paper-2,,,Provisional-Answer-Key-Notice,"231 Display of Provisional Answer Keys and Recorded Response Sheet for Answer Key Challenge of Joint Entrance Examination (Main) – 2026 Session 1, Paper 2A (B. Arch) & 2B (B. Planning) (January 2026)",https://nta.ac.in/NoticeBoardArchive,https://nta.ac.in/Download/Notice/Notice_20260219183235.pdf,2026\Session-1\Notices\JEE_Main_2026_Session-1_Paper-2_Provisional-Answer-Key-Notice.pdf,success,200,914520,39754e2fa039b8195c25578c001e27ec1e459bf552a9b04607ea69ccd58bc2a2,2026-09-20 12:30:30,Verified authentic PDF
2026,Session-1,Paper-1,,,Provisional-Answer-Key-Notice,245 Display of Provisional Answer Keys and Recorded Response Sheet for Answer Key Challenge of Joint Entrance Examination (Main) - 2026 Session 1 (January 2026) - Reg.,https://nta.ac.in/NoticeBoardArchive,https://nta.ac.in/Download/Notice/Notice_20260204122743.pdf,2026\Session-1\Notices\JEE_Main_2026_Session-1_Paper-1_Provisional-Answer-Key-Notice.pdf,success,200,907646,8779a6fa280bddc8405799fcf96578610afc89bc09362572278892de2a563abb,2026-09-20 12:30:30,Verified authentic PDF
2025,Session-2,Paper-2,,,Provisional-Answer-Key-Notice,"398 Display of Provisional Answer Keys and Recorded Response Sheet for Answer Key Challenge of Joint Entrance Examination (Main) - 2025 Session 2, Paper 2A (B. Arch) & 2B (B. Planning) (April 2025) - Reg.",https://nta.ac.in/NoticeBoardArchive,https://nta.ac.in/Download/Notice/Notice_20250514150914.pdf,2025\Session-2\Notices\JEE_Main_2025_Session-2_Paper-2_Provisional-Answer-Key-Notice.pdf,success,200,918579,6a6acf2463bfa57415e9dd513781c842aa7f5015a7caafcd59761c0cb8145561,2026-09-20 12:30:31,Verified authentic PDF
2025,Session-2,Paper-1,,,Provisional-Answer-Key-Notice,431 Display of Provisional Answer Keys and Recorded Response Sheet for Answer Key Challenge of Joint Entrance Examination (Main) – 2025 Session 2 (April 2025) – Reg.,https://nta.ac.in/NoticeBoardArchive,https://nta.ac.in/Download/Notice/Notice_20250412003547.pdf,2025\Session-2\Notices\JEE_Main_2025_Session-2_Paper-1_Provisional-Answer-Key-Notice.pdf,success,200,844035,39aa6f9636595a0102a8dc553dd9aa41c9d94a2db9644c6eb16ddca3d0f8a2b2,2026-09-20 12:30:32,Verified authentic PDF
2024,Session-2,Paper-2,,,Provisional-Answer-Key-Notice,"644 Display of Provisional Answer Keys and Recorded Response Sheet for Answer Key Challenge for the Joint Entrance Examination JEE (Main) – 2024 Session 2 (April 2024) of Paper 2A (B. Arch), Paper 2B (B. Planning) and Paper 2A & 2B (B. Arch & B. Planning both)",https://nta.ac.in/NoticeBoardArchive,https://nta.ac.in/Download/Notice/Notice_20240430181351.pdf,2024\Session-2\Notices\JEE_Main_2024_Session-2_Paper-2_Provisional-Answer-Key-Notice.pdf,success,200,348835,dd58d93d055a5d31ac0d096ae23a2a3bf43dd2c6d7ffc0f5da3159b6a9bbce43,2026-09-20 12:30:33,Verified authentic PDF
2024,Session-2,Paper-1,,,Provisional-Answer-Key-Notice,662 Display of Provisional Answer Keys and Recorded Response Sheet for Answer Key Challenge  for the Joint Entrance Examination JEE (Main) – 2024 Session 2 (April 2024) of Paper 1  (B.E./B.Tech.) - Reg.,https://nta.ac.in/NoticeBoardArchive,https://nta.ac.in/Download/Notice/Notice_20240413164854.pdf,2024\Session-2\Notices\JEE_Main_2024_Session-2_Paper-1_Provisional-Answer-Key-Notice.pdf,success,200,346303,a685c0a5f37afea4091fbf59635fdd99de55e6812ba1a4d83f1aba82f05d4615,2026-09-20 12:30:33,Verified authentic PDF
2024,Session-1,Paper-1,,,Provisional-Answer-Key-Notice,747 Display of Provisional Answer Keys and Recorded Response Sheet for Answer Key Challenge for Joint Entrance Examination JEE (Main) – 2024 Session 1 (January 2024) - Reg.,https://nta.ac.in/NoticeBoardArchive,https://nta.ac.in/Download/Notice/Notice_20240207172947.pdf,2024\Session-1\Notices\JEE_Main_2024_Session-1_Paper-1_Provisional-Answer-Key-Notice.pdf,success,200,341852,476558830d7a629b24b57bd3f990a2e34eb5998862e5fcd32c6f41775c715fdb,2026-09-20 12:30:34,Verified authentic PDF
2024,Session-1,Paper-1,,,Provisional-Answer-Key-Notice,749 Display of Provisional Answer Keys and Recorded Responses for Answer Key Challenge in JEE (Main) – 2024 Session 1 (January 2024),https://nta.ac.in/NoticeBoardArchive,https://nta.ac.in/Download/Notice/Notice_20240206213305.pdf,2024\Session-1\Notices\JEE_Main_2024_Session-1_Paper-1_Provisional-Answer-Key-Notice_2.pdf,success,200,362871,da3047fe1e5f391b15abd770bd222f756a0fd1cdd9d5c4fd338883eca03c155e,2026-09-20 12:30:35,Verified authentic PDF
Unknown,,,,,Unknown,1829 Press Release JEE (Main) - medium of question paper,https://nta.ac.in/NoticeBoardArchive,http://14.139.116.16:90/Download/Notice/Notice_20191107100148.pdf,,manual_review,,0,,,Untrusted domain: 14.139.116.16:90
