question_id,correct_answer,numerical_answer,answer_status,answer_confidence,answer_source,answer_source_url,verification_method
JM_2026_S2_0402_SHIFT1_MAT_Q001,C,,OFFICIAL_VERIFIED,HIGH,NTA Final Answer Key,https://jeemain.nta.nic.in/,OFFICIAL_FINAL_KEY
JM_2026_S2_0402_SHIFT1_MAT_Q002,C,,OFFICIAL_VERIFIED,HIGH,NTA Final Answer Key,https://jeemain.nta.nic.in/,OFFICIAL_FINAL_KEY
JM_2026_S2_0402_SHIFT1_MAT_Q003,C,,OFFICIAL_VERIFIED,HIGH,NTA Final Answer Key,https://jeemain.nta.nic.in/,OFFICIAL_FINAL_KEY
JM_2026_S2_0402_SHIFT1_MAT_Q004,C,,OFFICIAL_VERIFIED,HIGH,NTA Final Answer Key,https://jeemain.nta.nic.in/,OFFICIAL_FINAL_KEY
JM_2026_S2_0402_SHIFT1_MAT_Q005,C,,OFFICIAL_VERIFIED,HIGH,NTA Final Answer Key,https://jeemain.nta.nic.in/,OFFICIAL_FINAL_KEY
JM_2026_S2_0402_SHIFT1_MAT_Q006,D,,OFFICIAL_VERIFIED,HIGH,NTA Final Answer Key,https://jeemain.nta.nic.in/,OFFICIAL_FINAL_KEY
JM_2026_S2_0402_SHIFT1_MAT_Q007,C,,OFFICIAL_VERIFIED,HIGH,NTA Final Answer Key,https://jeemain.nta.nic.in/,OFFICIAL_FINAL_KEY
JM_2026_S2_0402_SHIFT1_MAT_Q008,D,,OFFICIAL_VERIFIED,HIGH,NTA Final Answer Key,https://jeemain.nta.nic.in/,OFFICIAL_FINAL_KEY
JM_2026_S2_0402_SHIFT1_MAT_Q009,D,,OFFICIAL_VERIFIED,HIGH,NTA Final Answer Key,https://jeemain.nta.nic.in/,OFFICIAL_FINAL_KEY
JM_2026_S2_0402_SHIFT1_MAT_Q010,A,,OFFICIAL_VERIFIED,HIGH,NTA Final Answer Key,https://jeemain.nta.nic.in/,OFFICIAL_FINAL_KEY
JM_2026_S2_0402_SHIFT1_MAT_Q011,B,,OFFICIAL_VERIFIED,HIGH,NTA Final Answer Key,https://jeemain.nta.nic.in/,OFFICIAL_FINAL_KEY
JM_2026_S2_0402_SHIFT1_MAT_Q012,A,,OFFICIAL_VERIFIED,HIGH,NTA Final Answer Key,https://jeemain.nta.nic.in/,OFFICIAL_FINAL_KEY
JM_2026_S2_0402_SHIFT1_MAT_Q013,C,,OFFICIAL_VERIFIED,HIGH,NTA Final Answer Key,https://jeemain.nta.nic.in/,OFFICIAL_FINAL_KEY
JM_2026_S2_0402_SHIFT1_MAT_Q014,D,,OFFICIAL_VERIFIED,HIGH,NTA Final Answer Key,https://jeemain.nta.nic.in/,OFFICIAL_FINAL_KEY
JM_2026_S2_0402_SHIFT1_MAT_Q015,D,,OFFICIAL_VERIFIED,HIGH,NTA Final Answer Key,https://jeemain.nta.nic.in/,OFFICIAL_FINAL_KEY
JM_2026_S2_0402_SHIFT1_MAT_Q016,C,,OFFICIAL_VERIFIED,HIGH,NTA Final Answer Key,https://jeemain.nta.nic.in/,OFFICIAL_FINAL_KEY
JM_2026_S2_0402_SHIFT1_MAT_Q017,D,,OFFICIAL_VERIFIED,HIGH,NTA Final Answer Key,https://jeemain.nta.nic.in/,OFFICIAL_FINAL_KEY
JM_2026_S2_0402_SHIFT1_MAT_Q018,D,,OFFICIAL_VERIFIED,HIGH,NTA Final Answer Key,https://jeemain.nta.nic.in/,OFFICIAL_FINAL_KEY
JM_2026_S2_0402_SHIFT1_MAT_Q019,C,,OFFICIAL_VERIFIED,HIGH,NTA Final Answer Key,https://jeemain.nta.nic.in/,OFFICIAL_FINAL_KEY
JM_2026_S2_0402_SHIFT1_MAT_Q020,A,,OFFICIAL_VERIFIED,HIGH,NTA Final Answer Key,https://jeemain.nta.nic.in/,OFFICIAL_FINAL_KEY
JM_2026_S2_0402_SHIFT1_MAT_Q021,4,4.0,OFFICIAL_VERIFIED,HIGH,NTA Final Answer Key,https://jeemain.nta.nic.in/,OFFICIAL_FINAL_KEY
JM_2026_S2_0402_SHIFT1_MAT_Q022,91,91.0,OFFICIAL_VERIFIED,HIGH,NTA Final Answer Key,https://jeemain.nta.nic.in/,OFFICIAL_FINAL_KEY
JM_2026_S2_0402_SHIFT1_MAT_Q023,81,81.0,OFFICIAL_VERIFIED,HIGH,NTA Final Answer Key,https://jeemain.nta.nic.in/,OFFICIAL_FINAL_KEY
JM_2026_S2_0402_SHIFT1_MAT_Q024,8,8.0,OFFICIAL_VERIFIED,HIGH,NTA Final Answer Key,https://jeemain.nta.nic.in/,OFFICIAL_FINAL_KEY
JM_2026_S2_0402_SHIFT1_MAT_Q025,192,192.0,OFFICIAL_VERIFIED,HIGH,NTA Final Answer Key,https://jeemain.nta.nic.in/,OFFICIAL_FINAL_KEY
JM_2026_S2_0402_SHIFT1_PHY_Q026,B,,OFFICIAL_VERIFIED,HIGH,NTA Final Answer Key,https://jeemain.nta.nic.in/,OFFICIAL_FINAL_KEY
JM_2026_S2_0402_SHIFT1_PHY_Q027,D,,OFFICIAL_VERIFIED,HIGH,NTA Final Answer Key,https://jeemain.nta.nic.in/,OFFICIAL_FINAL_KEY
JM_2026_S2_0402_SHIFT1_PHY_Q028,D,,OFFICIAL_VERIFIED,HIGH,NTA Final Answer Key,https://jeemain.nta.nic.in/,OFFICIAL_FINAL_KEY
JM_2026_S2_0402_SHIFT1_PHY_Q029,B,,OFFICIAL_VERIFIED,HIGH,NTA Final Answer Key,https://jeemain.nta.nic.in/,OFFICIAL_FINAL_KEY
JM_2026_S2_0402_SHIFT1_PHY_Q030,D,,OFFICIAL_VERIFIED,HIGH,NTA Final Answer Key,https://jeemain.nta.nic.in/,OFFICIAL_FINAL_KEY
JM_2026_S2_0402_SHIFT1_PHY_Q031,A,,OFFICIAL_VERIFIED,HIGH,NTA Final Answer Key,https://jeemain.nta.nic.in/,OFFICIAL_FINAL_KEY
JM_2026_S2_0402_SHIFT1_PHY_Q032,D,,OFFICIAL_VERIFIED,HIGH,NTA Final Answer Key,https://jeemain.nta.nic.in/,OFFICIAL_FINAL_KEY
JM_2026_S2_0402_SHIFT1_PHY_Q033,B,,OFFICIAL_VERIFIED,HIGH,NTA Final Answer Key,https://jeemain.nta.nic.in/,OFFICIAL_FINAL_KEY
JM_2026_S2_0402_SHIFT1_PHY_Q034,B,,OFFICIAL_VERIFIED,HIGH,NTA Final Answer Key,https://jeemain.nta.nic.in/,OFFICIAL_FINAL_KEY
JM_2026_S2_0402_SHIFT1_PHY_Q035,B,,OFFICIAL_VERIFIED,HIGH,NTA Final Answer Key,https://jeemain.nta.nic.in/,OFFICIAL_FINAL_KEY
JM_2026_S2_0402_SHIFT1_PHY_Q036,D,,OFFICIAL_VERIFIED,HIGH,NTA Final Answer Key,https://jeemain.nta.nic.in/,OFFICIAL_FINAL_KEY
JM_2026_S2_0402_SHIFT1_PHY_Q037,D,,OFFICIAL_VERIFIED,HIGH,NTA Final Answer Key,https://jeemain.nta.nic.in/,OFFICIAL_FINAL_KEY
JM_2026_S2_0402_SHIFT1_PHY_Q038,C,,OFFICIAL_VERIFIED,HIGH,NTA Final Answer Key,https://jeemain.nta.nic.in/,OFFICIAL_FINAL_KEY
JM_2026_S2_0402_SHIFT1_PHY_Q039,C,,OFFICIAL_VERIFIED,HIGH,NTA Final Answer Key,https://jeemain.nta.nic.in/,OFFICIAL_FINAL_KEY
JM_2026_S2_0402_SHIFT1_PHY_Q040,D,,OFFICIAL_VERIFIED,HIGH,NTA Final Answer Key,https://jeemain.nta.nic.in/,OFFICIAL_FINAL_KEY
JM_2026_S2_0402_SHIFT1_PHY_Q041,C,,OFFICIAL_VERIFIED,HIGH,NTA Final Answer Key,https://jeemain.nta.nic.in/,OFFICIAL_FINAL_KEY
JM_2026_S2_0402_SHIFT1_PHY_Q042,D,,OFFICIAL_VERIFIED,HIGH,NTA Final Answer Key,https://jeemain.nta.nic.in/,OFFICIAL_FINAL_KEY
JM_2026_S2_0402_SHIFT1_PHY_Q043,C,,OFFICIAL_VERIFIED,HIGH,NTA Final Answer Key,https://jeemain.nta.nic.in/,OFFICIAL_FINAL_KEY
JM_2026_S2_0402_SHIFT1_PHY_Q044,A,,OFFICIAL_VERIFIED,HIGH,NTA Final Answer Key,https://jeemain.nta.nic.in/,OFFICIAL_FINAL_KEY
JM_2026_S2_0402_SHIFT1_PHY_Q045,D,,OFFICIAL_VERIFIED,HIGH,NTA Final Answer Key,https://jeemain.nta.nic.in/,OFFICIAL_FINAL_KEY
JM_2026_S2_0402_SHIFT1_PHY_Q046,36,36.0,OFFICIAL_VERIFIED,HIGH,NTA Final Answer Key,https://jeemain.nta.nic.in/,OFFICIAL_FINAL_KEY
JM_2026_S2_0402_SHIFT1_PHY_Q047,120,120.0,OFFICIAL_VERIFIED,HIGH,NTA Final Answer Key,https://jeemain.nta.nic.in/,OFFICIAL_FINAL_KEY
JM_2026_S2_0402_SHIFT1_PHY_Q048,171,171.0,OFFICIAL_VERIFIED,HIGH,NTA Final Answer Key,https://jeemain.nta.nic.in/,OFFICIAL_FINAL_KEY
JM_2026_S2_0402_SHIFT1_PHY_Q049,3,3.0,OFFICIAL_VERIFIED,HIGH,NTA Final Answer Key,https://jeemain.nta.nic.in/,OFFICIAL_FINAL_KEY
JM_2026_S2_0402_SHIFT1_PHY_Q050,387,387.0,OFFICIAL_VERIFIED,HIGH,NTA Final Answer Key,https://jeemain.nta.nic.in/,OFFICIAL_FINAL_KEY
JM_2026_S2_0402_SHIFT1_CHE_Q051,C,,OFFICIAL_VERIFIED,HIGH,NTA Final Answer Key,https://jeemain.nta.nic.in/,OFFICIAL_FINAL_KEY
JM_2026_S2_0402_SHIFT1_CHE_Q052,B,,OFFICIAL_VERIFIED,HIGH,NTA Final Answer Key,https://jeemain.nta.nic.in/,OFFICIAL_FINAL_KEY
JM_2026_S2_0402_SHIFT1_CHE_Q053,B,,OFFICIAL_VERIFIED,HIGH,NTA Final Answer Key,https://jeemain.nta.nic.in/,OFFICIAL_FINAL_KEY
JM_2026_S2_0402_SHIFT1_CHE_Q054,C,,OFFICIAL_VERIFIED,HIGH,NTA Final Answer Key,https://jeemain.nta.nic.in/,OFFICIAL_FINAL_KEY
JM_2026_S2_0402_SHIFT1_CHE_Q055,C,,OFFICIAL_VERIFIED,HIGH,NTA Final Answer Key,https://jeemain.nta.nic.in/,OFFICIAL_FINAL_KEY
JM_2026_S2_0402_SHIFT1_CHE_Q056,C,,OFFICIAL_VERIFIED,HIGH,NTA Final Answer Key,https://jeemain.nta.nic.in/,OFFICIAL_FINAL_KEY
JM_2026_S2_0402_SHIFT1_CHE_Q057,D,,OFFICIAL_VERIFIED,HIGH,NTA Final Answer Key,https://jeemain.nta.nic.in/,OFFICIAL_FINAL_KEY
JM_2026_S2_0402_SHIFT1_CHE_Q058,A,,OFFICIAL_VERIFIED,HIGH,NTA Final Answer Key,https://jeemain.nta.nic.in/,OFFICIAL_FINAL_KEY
JM_2026_S2_0402_SHIFT1_CHE_Q059,C,,OFFICIAL_VERIFIED,HIGH,NTA Final Answer Key,https://jeemain.nta.nic.in/,OFFICIAL_FINAL_KEY
JM_2026_S2_0402_SHIFT1_CHE_Q060,D,,OFFICIAL_VERIFIED,HIGH,NTA Final Answer Key,https://jeemain.nta.nic.in/,OFFICIAL_FINAL_KEY
JM_2026_S2_0402_SHIFT1_CHE_Q061,D,,OFFICIAL_VERIFIED,HIGH,NTA Final Answer Key,https://jeemain.nta.nic.in/,OFFICIAL_FINAL_KEY
JM_2026_S2_0402_SHIFT1_CHE_Q062,C,,OFFICIAL_VERIFIED,HIGH,NTA Final Answer Key,https://jeemain.nta.nic.in/,OFFICIAL_FINAL_KEY
JM_2026_S2_0402_SHIFT1_CHE_Q063,C,,OFFICIAL_VERIFIED,HIGH,NTA Final Answer Key,https://jeemain.nta.nic.in/,OFFICIAL_FINAL_KEY
JM_2026_S2_0402_SHIFT1_CHE_Q064,D,,OFFICIAL_VERIFIED,HIGH,NTA Final Answer Key,https://jeemain.nta.nic.in/,OFFICIAL_FINAL_KEY
JM_2026_S2_0402_SHIFT1_CHE_Q065,B,,OFFICIAL_VERIFIED,HIGH,NTA Final Answer Key,https://jeemain.nta.nic.in/,OFFICIAL_FINAL_KEY
JM_2026_S2_0402_SHIFT1_CHE_Q066,C,,OFFICIAL_VERIFIED,HIGH,NTA Final Answer Key,https://jeemain.nta.nic.in/,OFFICIAL_FINAL_KEY
JM_2026_S2_0402_SHIFT1_CHE_Q067,C,,OFFICIAL_VERIFIED,HIGH,NTA Final Answer Key,https://jeemain.nta.nic.in/,OFFICIAL_FINAL_KEY
JM_2026_S2_0402_SHIFT1_CHE_Q068,D,,OFFICIAL_VERIFIED,HIGH,NTA Final Answer Key,https://jeemain.nta.nic.in/,OFFICIAL_FINAL_KEY
JM_2026_S2_0402_SHIFT1_CHE_Q069,B,,OFFICIAL_VERIFIED,HIGH,NTA Final Answer Key,https://jeemain.nta.nic.in/,OFFICIAL_FINAL_KEY
JM_2026_S2_0402_SHIFT1_CHE_Q070,A,,OFFICIAL_VERIFIED,HIGH,NTA Final Answer Key,https://jeemain.nta.nic.in/,OFFICIAL_FINAL_KEY
JM_2026_S2_0402_SHIFT1_CHE_Q071,33,33.0,OFFICIAL_VERIFIED,HIGH,NTA Final Answer Key,https://jeemain.nta.nic.in/,OFFICIAL_FINAL_KEY
JM_2026_S2_0402_SHIFT1_CHE_Q072,14,14.0,OFFICIAL_VERIFIED,HIGH,NTA Final Answer Key,https://jeemain.nta.nic.in/,OFFICIAL_FINAL_KEY
JM_2026_S2_0402_SHIFT1_CHE_Q073,17,17.0,OFFICIAL_VERIFIED,HIGH,NTA Final Answer Key,https://jeemain.nta.nic.in/,OFFICIAL_FINAL_KEY
JM_2026_S2_0402_SHIFT1_CHE_Q074,41,41.0,OFFICIAL_VERIFIED,HIGH,NTA Final Answer Key,https://jeemain.nta.nic.in/,OFFICIAL_FINAL_KEY
JM_2026_S2_0402_SHIFT1_CHE_Q075,727,727.0,OFFICIAL_VERIFIED,HIGH,NTA Final Answer Key,https://jeemain.nta.nic.in/,OFFICIAL_FINAL_KEY
JM_2026_S2_0402_SHIFT2_MAT_Q001,D,,OFFICIAL_VERIFIED,HIGH,NTA Final Answer Key,https://jeemain.nta.nic.in/,OFFICIAL_FINAL_KEY
JM_2026_S2_0402_SHIFT2_MAT_Q002,C,,OFFICIAL_VERIFIED,HIGH,NTA Final Answer Key,https://jeemain.nta.nic.in/,OFFICIAL_FINAL_KEY
JM_2026_S2_0402_SHIFT2_MAT_Q003,A,,OFFICIAL_VERIFIED,HIGH,NTA Final Answer Key,https://jeemain.nta.nic.in/,OFFICIAL_FINAL_KEY
JM_2026_S2_0402_SHIFT2_MAT_Q004,C,,OFFICIAL_VERIFIED,HIGH,NTA Final Answer Key,https://jeemain.nta.nic.in/,OFFICIAL_FINAL_KEY
JM_2026_S2_0402_SHIFT2_MAT_Q005,B,,OFFICIAL_VERIFIED,HIGH,NTA Final Answer Key,https://jeemain.nta.nic.in/,OFFICIAL_FINAL_KEY
JM_2026_S2_0402_SHIFT2_MAT_Q006,B,,OFFICIAL_VERIFIED,HIGH,NTA Final Answer Key,https://jeemain.nta.nic.in/,OFFICIAL_FINAL_KEY
JM_2026_S2_0402_SHIFT2_MAT_Q007,B,,OFFICIAL_VERIFIED,HIGH,NTA Final Answer Key,https://jeemain.nta.nic.in/,OFFICIAL_FINAL_KEY
JM_2026_S2_0402_SHIFT2_MAT_Q008,B,,OFFICIAL_VERIFIED,HIGH,NTA Final Answer Key,https://jeemain.nta.nic.in/,OFFICIAL_FINAL_KEY
JM_2026_S2_0402_SHIFT2_MAT_Q009,C,,OFFICIAL_VERIFIED,HIGH,NTA Final Answer Key,https://jeemain.nta.nic.in/,OFFICIAL_FINAL_KEY
JM_2026_S2_0402_SHIFT2_MAT_Q010,B,,OFFICIAL_VERIFIED,HIGH,NTA Final Answer Key,https://jeemain.nta.nic.in/,OFFICIAL_FINAL_KEY
JM_2026_S2_0402_SHIFT2_MAT_Q011,B,,OFFICIAL_VERIFIED,HIGH,NTA Final Answer Key,https://jeemain.nta.nic.in/,OFFICIAL_FINAL_KEY
JM_2026_S2_0402_SHIFT2_MAT_Q012,A,,OFFICIAL_VERIFIED,HIGH,NTA Final Answer Key,https://jeemain.nta.nic.in/,OFFICIAL_FINAL_KEY
JM_2026_S2_0402_SHIFT2_MAT_Q013,D,,OFFICIAL_VERIFIED,HIGH,NTA Final Answer Key,https://jeemain.nta.nic.in/,OFFICIAL_FINAL_KEY
JM_2026_S2_0402_SHIFT2_MAT_Q014,B,,OFFICIAL_VERIFIED,HIGH,NTA Final Answer Key,https://jeemain.nta.nic.in/,OFFICIAL_FINAL_KEY
JM_2026_S2_0402_SHIFT2_MAT_Q015,D,,OFFICIAL_VERIFIED,HIGH,NTA Final Answer Key,https://jeemain.nta.nic.in/,OFFICIAL_FINAL_KEY
JM_2026_S2_0402_SHIFT2_MAT_Q016,A,,OFFICIAL_VERIFIED,HIGH,NTA Final Answer Key,https://jeemain.nta.nic.in/,OFFICIAL_FINAL_KEY
JM_2026_S2_0402_SHIFT2_MAT_Q017,B,,OFFICIAL_VERIFIED,HIGH,NTA Final Answer Key,https://jeemain.nta.nic.in/,OFFICIAL_FINAL_KEY
JM_2026_S2_0402_SHIFT2_MAT_Q018,C,,OFFICIAL_VERIFIED,HIGH,NTA Final Answer Key,https://jeemain.nta.nic.in/,OFFICIAL_FINAL_KEY
JM_2026_S2_0402_SHIFT2_MAT_Q019,B,,OFFICIAL_VERIFIED,HIGH,NTA Final Answer Key,https://jeemain.nta.nic.in/,OFFICIAL_FINAL_KEY
JM_2026_S2_0402_SHIFT2_MAT_Q020,A,,OFFICIAL_VERIFIED,HIGH,NTA Final Answer Key,https://jeemain.nta.nic.in/,OFFICIAL_FINAL_KEY
JM_2026_S2_0402_SHIFT2_MAT_Q021,120,120.0,OFFICIAL_VERIFIED,HIGH,NTA Final Answer Key,https://jeemain.nta.nic.in/,OFFICIAL_FINAL_KEY
JM_2026_S2_0402_SHIFT2_MAT_Q022,34,34.0,OFFICIAL_VERIFIED,HIGH,NTA Final Answer Key,https://jeemain.nta.nic.in/,OFFICIAL_FINAL_KEY
JM_2026_S2_0402_SHIFT2_MAT_Q023,18,18.0,OFFICIAL_VERIFIED,HIGH,NTA Final Answer Key,https://jeemain.nta.nic.in/,OFFICIAL_FINAL_KEY
JM_2026_S2_0402_SHIFT2_MAT_Q024,24,24.0,OFFICIAL_VERIFIED,HIGH,NTA Final Answer Key,https://jeemain.nta.nic.in/,OFFICIAL_FINAL_KEY
JM_2026_S2_0402_SHIFT2_MAT_Q025,10,10.0,OFFICIAL_VERIFIED,HIGH,NTA Final Answer Key,https://jeemain.nta.nic.in/,OFFICIAL_FINAL_KEY
JM_2026_S2_0402_SHIFT2_PHY_Q026,B,,OFFICIAL_VERIFIED,HIGH,NTA Final Answer Key,https://jeemain.nta.nic.in/,OFFICIAL_FINAL_KEY
JM_2026_S2_0402_SHIFT2_PHY_Q027,A,,OFFICIAL_VERIFIED,HIGH,NTA Final Answer Key,https://jeemain.nta.nic.in/,OFFICIAL_FINAL_KEY
JM_2026_S2_0402_SHIFT2_PHY_Q028,C,,OFFICIAL_VERIFIED,HIGH,NTA Final Answer Key,https://jeemain.nta.nic.in/,OFFICIAL_FINAL_KEY
JM_2026_S2_0402_SHIFT2_PHY_Q029,A,,OFFICIAL_VERIFIED,HIGH,NTA Final Answer Key,https://jeemain.nta.nic.in/,OFFICIAL_FINAL_KEY
JM_2026_S2_0402_SHIFT2_PHY_Q030,D,,OFFICIAL_VERIFIED,HIGH,NTA Final Answer Key,https://jeemain.nta.nic.in/,OFFICIAL_FINAL_KEY
JM_2026_S2_0402_SHIFT2_PHY_Q031,A,,OFFICIAL_VERIFIED,HIGH,NTA Final Answer Key,https://jeemain.nta.nic.in/,OFFICIAL_FINAL_KEY
JM_2026_S2_0402_SHIFT2_PHY_Q032,A,,OFFICIAL_VERIFIED,HIGH,NTA Final Answer Key,https://jeemain.nta.nic.in/,OFFICIAL_FINAL_KEY
JM_2026_S2_0402_SHIFT2_PHY_Q033,C,,OFFICIAL_VERIFIED,HIGH,NTA Final Answer Key,https://jeemain.nta.nic.in/,OFFICIAL_FINAL_KEY
JM_2026_S2_0402_SHIFT2_PHY_Q034,C,,OFFICIAL_VERIFIED,HIGH,NTA Final Answer Key,https://jeemain.nta.nic.in/,OFFICIAL_FINAL_KEY
JM_2026_S2_0402_SHIFT2_PHY_Q035,B,,OFFICIAL_VERIFIED,HIGH,NTA Final Answer Key,https://jeemain.nta.nic.in/,OFFICIAL_FINAL_KEY
JM_2026_S2_0402_SHIFT2_PHY_Q036,D,,OFFICIAL_VERIFIED,HIGH,NTA Final Answer Key,https://jeemain.nta.nic.in/,OFFICIAL_FINAL_KEY
JM_2026_S2_0402_SHIFT2_PHY_Q037,B,,OFFICIAL_VERIFIED,HIGH,NTA Final Answer Key,https://jeemain.nta.nic.in/,OFFICIAL_FINAL_KEY
JM_2026_S2_0402_SHIFT2_PHY_Q038,B,,OFFICIAL_VERIFIED,HIGH,NTA Final Answer Key,https://jeemain.nta.nic.in/,OFFICIAL_FINAL_KEY
JM_2026_S2_0402_SHIFT2_PHY_Q039,D,,OFFICIAL_VERIFIED,HIGH,NTA Final Answer Key,https://jeemain.nta.nic.in/,OFFICIAL_FINAL_KEY
JM_2026_S2_0402_SHIFT2_PHY_Q040,C,,OFFICIAL_VERIFIED,HIGH,NTA Final Answer Key,https://jeemain.nta.nic.in/,OFFICIAL_FINAL_KEY
JM_2026_S2_0402_SHIFT2_PHY_Q041,D,,OFFICIAL_VERIFIED,HIGH,NTA Final Answer Key,https://jeemain.nta.nic.in/,OFFICIAL_FINAL_KEY
JM_2026_S2_0402_SHIFT2_PHY_Q042,B,,OFFICIAL_VERIFIED,HIGH,NTA Final Answer Key,https://jeemain.nta.nic.in/,OFFICIAL_FINAL_KEY
JM_2026_S2_0402_SHIFT2_PHY_Q043,D,,OFFICIAL_VERIFIED,HIGH,NTA Final Answer Key,https://jeemain.nta.nic.in/,OFFICIAL_FINAL_KEY
JM_2026_S2_0402_SHIFT2_PHY_Q044,B,,OFFICIAL_VERIFIED,HIGH,NTA Final Answer Key,https://jeemain.nta.nic.in/,OFFICIAL_FINAL_KEY
JM_2026_S2_0402_SHIFT2_PHY_Q045,A,,OFFICIAL_VERIFIED,HIGH,NTA Final Answer Key,https://jeemain.nta.nic.in/,OFFICIAL_FINAL_KEY
JM_2026_S2_0402_SHIFT2_PHY_Q046,6,6.0,OFFICIAL_VERIFIED,HIGH,NTA Final Answer Key,https://jeemain.nta.nic.in/,OFFICIAL_FINAL_KEY
JM_2026_S2_0402_SHIFT2_PHY_Q047,32,32.0,OFFICIAL_VERIFIED,HIGH,NTA Final Answer Key,https://jeemain.nta.nic.in/,OFFICIAL_FINAL_KEY
JM_2026_S2_0402_SHIFT2_PHY_Q048,300,300.0,OFFICIAL_VERIFIED,HIGH,NTA Final Answer Key,https://jeemain.nta.nic.in/,OFFICIAL_FINAL_KEY
JM_2026_S2_0402_SHIFT2_PHY_Q049,20,20.0,OFFICIAL_VERIFIED,HIGH,NTA Final Answer Key,https://jeemain.nta.nic.in/,OFFICIAL_FINAL_KEY
JM_2026_S2_0402_SHIFT2_PHY_Q050,60,60.0,OFFICIAL_VERIFIED,HIGH,NTA Final Answer Key,https://jeemain.nta.nic.in/,OFFICIAL_FINAL_KEY
JM_2026_S2_0402_SHIFT2_CHE_Q051,B,,OFFICIAL_VERIFIED,HIGH,NTA Final Answer Key,https://jeemain.nta.nic.in/,OFFICIAL_FINAL_KEY
JM_2026_S2_0402_SHIFT2_CHE_Q052,D,,OFFICIAL_VERIFIED,HIGH,NTA Final Answer Key,https://jeemain.nta.nic.in/,OFFICIAL_FINAL_KEY
JM_2026_S2_0402_SHIFT2_CHE_Q053,C,,OFFICIAL_VERIFIED,HIGH,NTA Final Answer Key,https://jeemain.nta.nic.in/,OFFICIAL_FINAL_KEY
JM_2026_S2_0402_SHIFT2_CHE_Q054,A,,OFFICIAL_VERIFIED,HIGH,NTA Final Answer Key,https://jeemain.nta.nic.in/,OFFICIAL_FINAL_KEY
JM_2026_S2_0402_SHIFT2_CHE_Q055,B,,OFFICIAL_VERIFIED,HIGH,NTA Final Answer Key,https://jeemain.nta.nic.in/,OFFICIAL_FINAL_KEY
JM_2026_S2_0402_SHIFT2_CHE_Q056,C,,OFFICIAL_VERIFIED,HIGH,NTA Final Answer Key,https://jeemain.nta.nic.in/,OFFICIAL_FINAL_KEY
JM_2026_S2_0402_SHIFT2_CHE_Q057,B,,OFFICIAL_VERIFIED,HIGH,NTA Final Answer Key,https://jeemain.nta.nic.in/,OFFICIAL_FINAL_KEY
JM_2026_S2_0402_SHIFT2_CHE_Q058,D,,OFFICIAL_VERIFIED,HIGH,NTA Final Answer Key,https://jeemain.nta.nic.in/,OFFICIAL_FINAL_KEY
JM_2026_S2_0402_SHIFT2_CHE_Q059,C,,OFFICIAL_VERIFIED,HIGH,NTA Final Answer Key,https://jeemain.nta.nic.in/,OFFICIAL_FINAL_KEY
JM_2026_S2_0402_SHIFT2_CHE_Q060,B,,OFFICIAL_VERIFIED,HIGH,NTA Final Answer Key,https://jeemain.nta.nic.in/,OFFICIAL_FINAL_KEY
JM_2026_S2_0402_SHIFT2_CHE_Q061,C,,OFFICIAL_VERIFIED,HIGH,NTA Final Answer Key,https://jeemain.nta.nic.in/,OFFICIAL_FINAL_KEY
JM_2026_S2_0402_SHIFT2_CHE_Q062,B,,OFFICIAL_VERIFIED,HIGH,NTA Final Answer Key,https://jeemain.nta.nic.in/,OFFICIAL_FINAL_KEY
JM_2026_S2_0402_SHIFT2_CHE_Q063,A,,OFFICIAL_VERIFIED,HIGH,NTA Final Answer Key,https://jeemain.nta.nic.in/,OFFICIAL_FINAL_KEY
JM_2026_S2_0402_SHIFT2_CHE_Q064,D,,OFFICIAL_VERIFIED,HIGH,NTA Final Answer Key,https://jeemain.nta.nic.in/,OFFICIAL_FINAL_KEY
JM_2026_S2_0402_SHIFT2_CHE_Q065,D,,OFFICIAL_VERIFIED,HIGH,NTA Final Answer Key,https://jeemain.nta.nic.in/,OFFICIAL_FINAL_KEY
JM_2026_S2_0402_SHIFT2_CHE_Q066,D,,OFFICIAL_VERIFIED,HIGH,NTA Final Answer Key,https://jeemain.nta.nic.in/,OFFICIAL_FINAL_KEY
JM_2026_S2_0402_SHIFT2_CHE_Q067,A,,OFFICIAL_VERIFIED,HIGH,NTA Final Answer Key,https://jeemain.nta.nic.in/,OFFICIAL_FINAL_KEY
JM_2026_S2_0402_SHIFT2_CHE_Q068,C,,OFFICIAL_VERIFIED,HIGH,NTA Final Answer Key,https://jeemain.nta.nic.in/,OFFICIAL_FINAL_KEY
JM_2026_S2_0402_SHIFT2_CHE_Q069,D,,OFFICIAL_VERIFIED,HIGH,NTA Final Answer Key,https://jeemain.nta.nic.in/,OFFICIAL_FINAL_KEY
JM_2026_S2_0402_SHIFT2_CHE_Q070,A,,OFFICIAL_VERIFIED,HIGH,NTA Final Answer Key,https://jeemain.nta.nic.in/,OFFICIAL_FINAL_KEY
JM_2026_S2_0402_SHIFT2_CHE_Q071,5,5.0,OFFICIAL_VERIFIED,HIGH,NTA Final Answer Key,https://jeemain.nta.nic.in/,OFFICIAL_FINAL_KEY
JM_2026_S2_0402_SHIFT2_CHE_Q072,20,20.0,OFFICIAL_VERIFIED,HIGH,NTA Final Answer Key,https://jeemain.nta.nic.in/,OFFICIAL_FINAL_KEY
JM_2026_S2_0402_SHIFT2_CHE_Q073,560,560.0,OFFICIAL_VERIFIED,HIGH,NTA Final Answer Key,https://jeemain.nta.nic.in/,OFFICIAL_FINAL_KEY
JM_2026_S2_0402_SHIFT2_CHE_Q074,3,3.0,OFFICIAL_VERIFIED,HIGH,NTA Final Answer Key,https://jeemain.nta.nic.in/,OFFICIAL_FINAL_KEY
JM_2026_S2_0402_SHIFT2_CHE_Q075,1,1.0,OFFICIAL_VERIFIED,HIGH,NTA Final Answer Key,https://jeemain.nta.nic.in/,OFFICIAL_FINAL_KEY
JM_2026_S2_0404_SHIFT1_MAT_Q001,A,,OFFICIAL_VERIFIED,HIGH,NTA Final Answer Key,https://jeemain.nta.nic.in/,OFFICIAL_FINAL_KEY
JM_2026_S2_0404_SHIFT1_MAT_Q002,D,,OFFICIAL_VERIFIED,HIGH,NTA Final Answer Key,https://jeemain.nta.nic.in/,OFFICIAL_FINAL_KEY
JM_2026_S2_0404_SHIFT1_MAT_Q003,C,,OFFICIAL_VERIFIED,HIGH,NTA Final Answer Key,https://jeemain.nta.nic.in/,OFFICIAL_FINAL_KEY
JM_2026_S2_0404_SHIFT1_MAT_Q004,D,,OFFICIAL_VERIFIED,HIGH,NTA Final Answer Key,https://jeemain.nta.nic.in/,OFFICIAL_FINAL_KEY
JM_2026_S2_0404_SHIFT1_MAT_Q005,B,,OFFICIAL_VERIFIED,HIGH,NTA Final Answer Key,https://jeemain.nta.nic.in/,OFFICIAL_FINAL_KEY
JM_2026_S2_0404_SHIFT1_MAT_Q006,B,,OFFICIAL_VERIFIED,HIGH,NTA Final Answer Key,https://jeemain.nta.nic.in/,OFFICIAL_FINAL_KEY
JM_2026_S2_0404_SHIFT1_MAT_Q007,C,,OFFICIAL_VERIFIED,HIGH,NTA Final Answer Key,https://jeemain.nta.nic.in/,OFFICIAL_FINAL_KEY
JM_2026_S2_0404_SHIFT1_MAT_Q008,B,,OFFICIAL_VERIFIED,HIGH,NTA Final Answer Key,https://jeemain.nta.nic.in/,OFFICIAL_FINAL_KEY
JM_2026_S2_0404_SHIFT1_MAT_Q009,B,,OFFICIAL_VERIFIED,HIGH,NTA Final Answer Key,https://jeemain.nta.nic.in/,OFFICIAL_FINAL_KEY
JM_2026_S2_0404_SHIFT1_MAT_Q010,B,,OFFICIAL_VERIFIED,HIGH,NTA Final Answer Key,https://jeemain.nta.nic.in/,OFFICIAL_FINAL_KEY
JM_2026_S2_0404_SHIFT1_MAT_Q011,C,,OFFICIAL_VERIFIED,HIGH,NTA Final Answer Key,https://jeemain.nta.nic.in/,OFFICIAL_FINAL_KEY
JM_2026_S2_0404_SHIFT1_MAT_Q012,A,,OFFICIAL_VERIFIED,HIGH,NTA Final Answer Key,https://jeemain.nta.nic.in/,OFFICIAL_FINAL_KEY
JM_2026_S2_0404_SHIFT1_MAT_Q013,D,,OFFICIAL_VERIFIED,HIGH,NTA Final Answer Key,https://jeemain.nta.nic.in/,OFFICIAL_FINAL_KEY
JM_2026_S2_0404_SHIFT1_MAT_Q014,D,,OFFICIAL_VERIFIED,HIGH,NTA Final Answer Key,https://jeemain.nta.nic.in/,OFFICIAL_FINAL_KEY
JM_2026_S2_0404_SHIFT1_MAT_Q015,D,,OFFICIAL_VERIFIED,HIGH,NTA Final Answer Key,https://jeemain.nta.nic.in/,OFFICIAL_FINAL_KEY
JM_2026_S2_0404_SHIFT1_MAT_Q016,C,,OFFICIAL_VERIFIED,HIGH,NTA Final Answer Key,https://jeemain.nta.nic.in/,OFFICIAL_FINAL_KEY
JM_2026_S2_0404_SHIFT1_MAT_Q017,A,,OFFICIAL_VERIFIED,HIGH,NTA Final Answer Key,https://jeemain.nta.nic.in/,OFFICIAL_FINAL_KEY
JM_2026_S2_0404_SHIFT1_MAT_Q018,D,,OFFICIAL_VERIFIED,HIGH,NTA Final Answer Key,https://jeemain.nta.nic.in/,OFFICIAL_FINAL_KEY
JM_2026_S2_0404_SHIFT1_MAT_Q019,D,,OFFICIAL_VERIFIED,HIGH,NTA Final Answer Key,https://jeemain.nta.nic.in/,OFFICIAL_FINAL_KEY
JM_2026_S2_0404_SHIFT1_MAT_Q020,A,,OFFICIAL_VERIFIED,HIGH,NTA Final Answer Key,https://jeemain.nta.nic.in/,OFFICIAL_FINAL_KEY
JM_2026_S2_0404_SHIFT1_MAT_Q021,9,9.0,OFFICIAL_VERIFIED,HIGH,NTA Final Answer Key,https://jeemain.nta.nic.in/,OFFICIAL_FINAL_KEY
JM_2026_S2_0404_SHIFT1_MAT_Q022,3,3.0,OFFICIAL_VERIFIED,HIGH,NTA Final Answer Key,https://jeemain.nta.nic.in/,OFFICIAL_FINAL_KEY
JM_2026_S2_0404_SHIFT1_MAT_Q023,2,2.0,OFFICIAL_VERIFIED,HIGH,NTA Final Answer Key,https://jeemain.nta.nic.in/,OFFICIAL_FINAL_KEY
JM_2026_S2_0404_SHIFT1_MAT_Q024,3,3.0,OFFICIAL_VERIFIED,HIGH,NTA Final Answer Key,https://jeemain.nta.nic.in/,OFFICIAL_FINAL_KEY
JM_2026_S2_0404_SHIFT1_MAT_Q025,3,3.0,OFFICIAL_VERIFIED,HIGH,NTA Final Answer Key,https://jeemain.nta.nic.in/,OFFICIAL_FINAL_KEY
JM_2026_S2_0404_SHIFT1_PHY_Q026,D,,OFFICIAL_VERIFIED,HIGH,NTA Final Answer Key,https://jeemain.nta.nic.in/,OFFICIAL_FINAL_KEY
JM_2026_S2_0404_SHIFT1_PHY_Q027,A,,OFFICIAL_VERIFIED,HIGH,NTA Final Answer Key,https://jeemain.nta.nic.in/,OFFICIAL_FINAL_KEY
JM_2026_S2_0404_SHIFT1_PHY_Q028,D,,OFFICIAL_VERIFIED,HIGH,NTA Final Answer Key,https://jeemain.nta.nic.in/,OFFICIAL_FINAL_KEY
JM_2026_S2_0404_SHIFT1_PHY_Q029,B,,OFFICIAL_VERIFIED,HIGH,NTA Final Answer Key,https://jeemain.nta.nic.in/,OFFICIAL_FINAL_KEY
JM_2026_S2_0404_SHIFT1_PHY_Q030,A,,OFFICIAL_VERIFIED,HIGH,NTA Final Answer Key,https://jeemain.nta.nic.in/,OFFICIAL_FINAL_KEY
JM_2026_S2_0404_SHIFT1_PHY_Q031,B,,OFFICIAL_VERIFIED,HIGH,NTA Final Answer Key,https://jeemain.nta.nic.in/,OFFICIAL_FINAL_KEY
JM_2026_S2_0404_SHIFT1_PHY_Q032,D,,OFFICIAL_VERIFIED,HIGH,NTA Final Answer Key,https://jeemain.nta.nic.in/,OFFICIAL_FINAL_KEY
JM_2026_S2_0404_SHIFT1_PHY_Q033,B,,OFFICIAL_VERIFIED,HIGH,NTA Final Answer Key,https://jeemain.nta.nic.in/,OFFICIAL_FINAL_KEY
JM_2026_S2_0404_SHIFT1_PHY_Q034,D,,OFFICIAL_VERIFIED,HIGH,NTA Final Answer Key,https://jeemain.nta.nic.in/,OFFICIAL_FINAL_KEY
JM_2026_S2_0404_SHIFT1_PHY_Q035,A,,OFFICIAL_VERIFIED,HIGH,NTA Final Answer Key,https://jeemain.nta.nic.in/,OFFICIAL_FINAL_KEY
JM_2026_S2_0404_SHIFT1_PHY_Q036,A,,OFFICIAL_VERIFIED,HIGH,NTA Final Answer Key,https://jeemain.nta.nic.in/,OFFICIAL_FINAL_KEY
JM_2026_S2_0404_SHIFT1_PHY_Q037,D,,OFFICIAL_VERIFIED,HIGH,NTA Final Answer Key,https://jeemain.nta.nic.in/,OFFICIAL_FINAL_KEY
JM_2026_S2_0404_SHIFT1_PHY_Q038,D,,OFFICIAL_VERIFIED,HIGH,NTA Final Answer Key,https://jeemain.nta.nic.in/,OFFICIAL_FINAL_KEY
JM_2026_S2_0404_SHIFT1_PHY_Q039,A,,OFFICIAL_VERIFIED,HIGH,NTA Final Answer Key,https://jeemain.nta.nic.in/,OFFICIAL_FINAL_KEY
JM_2026_S2_0404_SHIFT1_PHY_Q040,D,,OFFICIAL_VERIFIED,HIGH,NTA Final Answer Key,https://jeemain.nta.nic.in/,OFFICIAL_FINAL_KEY
JM_2026_S2_0404_SHIFT1_PHY_Q041,A,,OFFICIAL_VERIFIED,HIGH,NTA Final Answer Key,https://jeemain.nta.nic.in/,OFFICIAL_FINAL_KEY
JM_2026_S2_0404_SHIFT1_PHY_Q042,D,,OFFICIAL_VERIFIED,HIGH,NTA Final Answer Key,https://jeemain.nta.nic.in/,OFFICIAL_FINAL_KEY
JM_2026_S2_0404_SHIFT1_PHY_Q043,A,,OFFICIAL_VERIFIED,HIGH,NTA Final Answer Key,https://jeemain.nta.nic.in/,OFFICIAL_FINAL_KEY
JM_2026_S2_0404_SHIFT1_PHY_Q044,B,,OFFICIAL_VERIFIED,HIGH,NTA Final Answer Key,https://jeemain.nta.nic.in/,OFFICIAL_FINAL_KEY
JM_2026_S2_0404_SHIFT1_PHY_Q045,D,,OFFICIAL_VERIFIED,HIGH,NTA Final Answer Key,https://jeemain.nta.nic.in/,OFFICIAL_FINAL_KEY
JM_2026_S2_0404_SHIFT1_PHY_Q046,35,35.0,OFFICIAL_VERIFIED,HIGH,NTA Final Answer Key,https://jeemain.nta.nic.in/,OFFICIAL_FINAL_KEY
JM_2026_S2_0404_SHIFT1_PHY_Q047,264,264.0,OFFICIAL_VERIFIED,HIGH,NTA Final Answer Key,https://jeemain.nta.nic.in/,OFFICIAL_FINAL_KEY
JM_2026_S2_0404_SHIFT1_PHY_Q048,44,44.0,OFFICIAL_VERIFIED,HIGH,NTA Final Answer Key,https://jeemain.nta.nic.in/,OFFICIAL_FINAL_KEY
JM_2026_S2_0404_SHIFT1_PHY_Q049,200,200.0,OFFICIAL_VERIFIED,HIGH,NTA Final Answer Key,https://jeemain.nta.nic.in/,OFFICIAL_FINAL_KEY
JM_2026_S2_0404_SHIFT1_PHY_Q050,100,100.0,OFFICIAL_VERIFIED,HIGH,NTA Final Answer Key,https://jeemain.nta.nic.in/,OFFICIAL_FINAL_KEY
JM_2026_S2_0404_SHIFT1_CHE_Q051,B,,OFFICIAL_VERIFIED,HIGH,NTA Final Answer Key,https://jeemain.nta.nic.in/,OFFICIAL_FINAL_KEY
JM_2026_S2_0404_SHIFT1_CHE_Q052,B,,OFFICIAL_VERIFIED,HIGH,NTA Final Answer Key,https://jeemain.nta.nic.in/,OFFICIAL_FINAL_KEY
JM_2026_S2_0404_SHIFT1_CHE_Q053,D,,OFFICIAL_VERIFIED,HIGH,NTA Final Answer Key,https://jeemain.nta.nic.in/,OFFICIAL_FINAL_KEY
JM_2026_S2_0404_SHIFT1_CHE_Q054,D,,OFFICIAL_VERIFIED,HIGH,NTA Final Answer Key,https://jeemain.nta.nic.in/,OFFICIAL_FINAL_KEY
JM_2026_S2_0404_SHIFT1_CHE_Q055,D,,OFFICIAL_VERIFIED,HIGH,NTA Final Answer Key,https://jeemain.nta.nic.in/,OFFICIAL_FINAL_KEY
JM_2026_S2_0404_SHIFT1_CHE_Q056,B,,OFFICIAL_VERIFIED,HIGH,NTA Final Answer Key,https://jeemain.nta.nic.in/,OFFICIAL_FINAL_KEY
JM_2026_S2_0404_SHIFT1_CHE_Q057,D,,OFFICIAL_VERIFIED,HIGH,NTA Final Answer Key,https://jeemain.nta.nic.in/,OFFICIAL_FINAL_KEY
JM_2026_S2_0404_SHIFT1_CHE_Q058,A,,OFFICIAL_VERIFIED,HIGH,NTA Final Answer Key,https://jeemain.nta.nic.in/,OFFICIAL_FINAL_KEY
JM_2026_S2_0404_SHIFT1_CHE_Q059,A,,OFFICIAL_VERIFIED,HIGH,NTA Final Answer Key,https://jeemain.nta.nic.in/,OFFICIAL_FINAL_KEY
JM_2026_S2_0404_SHIFT1_CHE_Q060,C,,OFFICIAL_VERIFIED,HIGH,NTA Final Answer Key,https://jeemain.nta.nic.in/,OFFICIAL_FINAL_KEY
JM_2026_S2_0404_SHIFT1_CHE_Q061,B,,OFFICIAL_VERIFIED,HIGH,NTA Final Answer Key,https://jeemain.nta.nic.in/,OFFICIAL_FINAL_KEY
JM_2026_S2_0404_SHIFT1_CHE_Q062,D,,OFFICIAL_VERIFIED,HIGH,NTA Final Answer Key,https://jeemain.nta.nic.in/,OFFICIAL_FINAL_KEY
JM_2026_S2_0404_SHIFT1_CHE_Q063,C,,OFFICIAL_VERIFIED,HIGH,NTA Final Answer Key,https://jeemain.nta.nic.in/,OFFICIAL_FINAL_KEY
JM_2026_S2_0404_SHIFT1_CHE_Q064,D,,OFFICIAL_VERIFIED,HIGH,NTA Final Answer Key,https://jeemain.nta.nic.in/,OFFICIAL_FINAL_KEY
JM_2026_S2_0404_SHIFT1_CHE_Q065,B,,OFFICIAL_VERIFIED,HIGH,NTA Final Answer Key,https://jeemain.nta.nic.in/,OFFICIAL_FINAL_KEY
JM_2026_S2_0404_SHIFT1_CHE_Q066,A,,OFFICIAL_VERIFIED,HIGH,NTA Final Answer Key,https://jeemain.nta.nic.in/,OFFICIAL_FINAL_KEY
JM_2026_S2_0404_SHIFT1_CHE_Q067,B,,OFFICIAL_VERIFIED,HIGH,NTA Final Answer Key,https://jeemain.nta.nic.in/,OFFICIAL_FINAL_KEY
JM_2026_S2_0404_SHIFT1_CHE_Q068,D,,OFFICIAL_VERIFIED,HIGH,NTA Final Answer Key,https://jeemain.nta.nic.in/,OFFICIAL_FINAL_KEY
JM_2026_S2_0404_SHIFT1_CHE_Q069,A,,OFFICIAL_VERIFIED,HIGH,NTA Final Answer Key,https://jeemain.nta.nic.in/,OFFICIAL_FINAL_KEY
JM_2026_S2_0404_SHIFT1_CHE_Q070,D,,OFFICIAL_VERIFIED,HIGH,NTA Final Answer Key,https://jeemain.nta.nic.in/,OFFICIAL_FINAL_KEY
JM_2026_S2_0404_SHIFT1_CHE_Q071,6,6.0,OFFICIAL_VERIFIED,HIGH,NTA Final Answer Key,https://jeemain.nta.nic.in/,OFFICIAL_FINAL_KEY
JM_2026_S2_0404_SHIFT1_CHE_Q072,78,78.0,OFFICIAL_VERIFIED,HIGH,NTA Final Answer Key,https://jeemain.nta.nic.in/,OFFICIAL_FINAL_KEY
JM_2026_S2_0404_SHIFT1_CHE_Q073,5,5.0,OFFICIAL_VERIFIED,HIGH,NTA Final Answer Key,https://jeemain.nta.nic.in/,OFFICIAL_FINAL_KEY
JM_2026_S2_0404_SHIFT1_CHE_Q074,756,756.0,OFFICIAL_VERIFIED,HIGH,NTA Final Answer Key,https://jeemain.nta.nic.in/,OFFICIAL_FINAL_KEY
JM_2026_S2_0404_SHIFT1_CHE_Q075,5,5.0,OFFICIAL_VERIFIED,HIGH,NTA Final Answer Key,https://jeemain.nta.nic.in/,OFFICIAL_FINAL_KEY
JM_2026_S2_0404_SHIFT2_MAT_Q001,A,,OFFICIAL_VERIFIED,HIGH,NTA Final Answer Key,https://jeemain.nta.nic.in/,OFFICIAL_FINAL_KEY
JM_2026_S2_0404_SHIFT2_MAT_Q002,D,,OFFICIAL_VERIFIED,HIGH,NTA Final Answer Key,https://jeemain.nta.nic.in/,OFFICIAL_FINAL_KEY
JM_2026_S2_0404_SHIFT2_MAT_Q003,B,,OFFICIAL_VERIFIED,HIGH,NTA Final Answer Key,https://jeemain.nta.nic.in/,OFFICIAL_FINAL_KEY
JM_2026_S2_0404_SHIFT2_MAT_Q004,C,,OFFICIAL_VERIFIED,HIGH,NTA Final Answer Key,https://jeemain.nta.nic.in/,OFFICIAL_FINAL_KEY
JM_2026_S2_0404_SHIFT2_MAT_Q005,B,,OFFICIAL_VERIFIED,HIGH,NTA Final Answer Key,https://jeemain.nta.nic.in/,OFFICIAL_FINAL_KEY
JM_2026_S2_0404_SHIFT2_MAT_Q006,C,,OFFICIAL_VERIFIED,HIGH,NTA Final Answer Key,https://jeemain.nta.nic.in/,OFFICIAL_FINAL_KEY
JM_2026_S2_0404_SHIFT2_MAT_Q007,C,,OFFICIAL_VERIFIED,HIGH,NTA Final Answer Key,https://jeemain.nta.nic.in/,OFFICIAL_FINAL_KEY
JM_2026_S2_0404_SHIFT2_MAT_Q008,D,,OFFICIAL_VERIFIED,HIGH,NTA Final Answer Key,https://jeemain.nta.nic.in/,OFFICIAL_FINAL_KEY
JM_2026_S2_0404_SHIFT2_MAT_Q009,A,,OFFICIAL_VERIFIED,HIGH,NTA Final Answer Key,https://jeemain.nta.nic.in/,OFFICIAL_FINAL_KEY
JM_2026_S2_0404_SHIFT2_MAT_Q010,D,,OFFICIAL_VERIFIED,HIGH,NTA Final Answer Key,https://jeemain.nta.nic.in/,OFFICIAL_FINAL_KEY
JM_2026_S2_0404_SHIFT2_MAT_Q011,B,,OFFICIAL_VERIFIED,HIGH,NTA Final Answer Key,https://jeemain.nta.nic.in/,OFFICIAL_FINAL_KEY
JM_2026_S2_0404_SHIFT2_MAT_Q012,B,,OFFICIAL_VERIFIED,HIGH,NTA Final Answer Key,https://jeemain.nta.nic.in/,OFFICIAL_FINAL_KEY
JM_2026_S2_0404_SHIFT2_MAT_Q013,B,,OFFICIAL_VERIFIED,HIGH,NTA Final Answer Key,https://jeemain.nta.nic.in/,OFFICIAL_FINAL_KEY
JM_2026_S2_0404_SHIFT2_MAT_Q014,A,,OFFICIAL_VERIFIED,HIGH,NTA Final Answer Key,https://jeemain.nta.nic.in/,OFFICIAL_FINAL_KEY
JM_2026_S2_0404_SHIFT2_MAT_Q015,A,,OFFICIAL_VERIFIED,HIGH,NTA Final Answer Key,https://jeemain.nta.nic.in/,OFFICIAL_FINAL_KEY
JM_2026_S2_0404_SHIFT2_MAT_Q016,B,,OFFICIAL_VERIFIED,HIGH,NTA Final Answer Key,https://jeemain.nta.nic.in/,OFFICIAL_FINAL_KEY
JM_2026_S2_0404_SHIFT2_MAT_Q017,C,,OFFICIAL_VERIFIED,HIGH,NTA Final Answer Key,https://jeemain.nta.nic.in/,OFFICIAL_FINAL_KEY
JM_2026_S2_0404_SHIFT2_MAT_Q018,C,,OFFICIAL_VERIFIED,HIGH,NTA Final Answer Key,https://jeemain.nta.nic.in/,OFFICIAL_FINAL_KEY
JM_2026_S2_0404_SHIFT2_MAT_Q019,D,,OFFICIAL_VERIFIED,HIGH,NTA Final Answer Key,https://jeemain.nta.nic.in/,OFFICIAL_FINAL_KEY
JM_2026_S2_0404_SHIFT2_MAT_Q020,D,,OFFICIAL_VERIFIED,HIGH,NTA Final Answer Key,https://jeemain.nta.nic.in/,OFFICIAL_FINAL_KEY
JM_2026_S2_0404_SHIFT2_MAT_Q021,944,944.0,OFFICIAL_VERIFIED,HIGH,NTA Final Answer Key,https://jeemain.nta.nic.in/,OFFICIAL_FINAL_KEY
JM_2026_S2_0404_SHIFT2_MAT_Q022,4,4.0,OFFICIAL_VERIFIED,HIGH,NTA Final Answer Key,https://jeemain.nta.nic.in/,OFFICIAL_FINAL_KEY
JM_2026_S2_0404_SHIFT2_MAT_Q023,9,9.0,OFFICIAL_VERIFIED,HIGH,NTA Final Answer Key,https://jeemain.nta.nic.in/,OFFICIAL_FINAL_KEY
JM_2026_S2_0404_SHIFT2_MAT_Q024,16,16.0,OFFICIAL_VERIFIED,HIGH,NTA Final Answer Key,https://jeemain.nta.nic.in/,OFFICIAL_FINAL_KEY
JM_2026_S2_0404_SHIFT2_MAT_Q025,5,5.0,OFFICIAL_VERIFIED,HIGH,NTA Final Answer Key,https://jeemain.nta.nic.in/,OFFICIAL_FINAL_KEY
JM_2026_S2_0404_SHIFT2_PHY_Q026,B,,OFFICIAL_VERIFIED,HIGH,NTA Final Answer Key,https://jeemain.nta.nic.in/,OFFICIAL_FINAL_KEY
JM_2026_S2_0404_SHIFT2_PHY_Q027,D,,OFFICIAL_VERIFIED,HIGH,NTA Final Answer Key,https://jeemain.nta.nic.in/,OFFICIAL_FINAL_KEY
JM_2026_S2_0404_SHIFT2_PHY_Q028,A,,OFFICIAL_VERIFIED,HIGH,NTA Final Answer Key,https://jeemain.nta.nic.in/,OFFICIAL_FINAL_KEY
JM_2026_S2_0404_SHIFT2_PHY_Q029,C,,OFFICIAL_VERIFIED,HIGH,NTA Final Answer Key,https://jeemain.nta.nic.in/,OFFICIAL_FINAL_KEY
JM_2026_S2_0404_SHIFT2_PHY_Q030,D,,OFFICIAL_VERIFIED,HIGH,NTA Final Answer Key,https://jeemain.nta.nic.in/,OFFICIAL_FINAL_KEY
JM_2026_S2_0404_SHIFT2_PHY_Q031,A,,OFFICIAL_VERIFIED,HIGH,NTA Final Answer Key,https://jeemain.nta.nic.in/,OFFICIAL_FINAL_KEY
JM_2026_S2_0404_SHIFT2_PHY_Q032,C,,OFFICIAL_VERIFIED,HIGH,NTA Final Answer Key,https://jeemain.nta.nic.in/,OFFICIAL_FINAL_KEY
JM_2026_S2_0404_SHIFT2_PHY_Q033,D,,OFFICIAL_VERIFIED,HIGH,NTA Final Answer Key,https://jeemain.nta.nic.in/,OFFICIAL_FINAL_KEY
JM_2026_S2_0404_SHIFT2_PHY_Q034,A,,OFFICIAL_VERIFIED,HIGH,NTA Final Answer Key,https://jeemain.nta.nic.in/,OFFICIAL_FINAL_KEY
JM_2026_S2_0404_SHIFT2_PHY_Q035,B,,OFFICIAL_VERIFIED,HIGH,NTA Final Answer Key,https://jeemain.nta.nic.in/,OFFICIAL_FINAL_KEY
JM_2026_S2_0404_SHIFT2_PHY_Q036,B,,OFFICIAL_VERIFIED,HIGH,NTA Final Answer Key,https://jeemain.nta.nic.in/,OFFICIAL_FINAL_KEY
JM_2026_S2_0404_SHIFT2_PHY_Q037,B,,OFFICIAL_VERIFIED,HIGH,NTA Final Answer Key,https://jeemain.nta.nic.in/,OFFICIAL_FINAL_KEY
JM_2026_S2_0404_SHIFT2_PHY_Q038,C,,OFFICIAL_VERIFIED,HIGH,NTA Final Answer Key,https://jeemain.nta.nic.in/,OFFICIAL_FINAL_KEY
JM_2026_S2_0404_SHIFT2_PHY_Q039,C,,OFFICIAL_VERIFIED,HIGH,NTA Final Answer Key,https://jeemain.nta.nic.in/,OFFICIAL_FINAL_KEY
JM_2026_S2_0404_SHIFT2_PHY_Q040,B,,OFFICIAL_VERIFIED,HIGH,NTA Final Answer Key,https://jeemain.nta.nic.in/,OFFICIAL_FINAL_KEY
JM_2026_S2_0404_SHIFT2_PHY_Q041,A,,OFFICIAL_VERIFIED,HIGH,NTA Final Answer Key,https://jeemain.nta.nic.in/,OFFICIAL_FINAL_KEY
JM_2026_S2_0404_SHIFT2_PHY_Q042,D,,OFFICIAL_VERIFIED,HIGH,NTA Final Answer Key,https://jeemain.nta.nic.in/,OFFICIAL_FINAL_KEY
JM_2026_S2_0404_SHIFT2_PHY_Q043,A,,OFFICIAL_VERIFIED,HIGH,NTA Final Answer Key,https://jeemain.nta.nic.in/,OFFICIAL_FINAL_KEY
JM_2026_S2_0404_SHIFT2_PHY_Q044,B,,OFFICIAL_VERIFIED,HIGH,NTA Final Answer Key,https://jeemain.nta.nic.in/,OFFICIAL_FINAL_KEY
JM_2026_S2_0404_SHIFT2_PHY_Q045,D,,OFFICIAL_VERIFIED,HIGH,NTA Final Answer Key,https://jeemain.nta.nic.in/,OFFICIAL_FINAL_KEY
JM_2026_S2_0404_SHIFT2_PHY_Q046,300,300.0,OFFICIAL_VERIFIED,HIGH,NTA Final Answer Key,https://jeemain.nta.nic.in/,OFFICIAL_FINAL_KEY
JM_2026_S2_0404_SHIFT2_PHY_Q047,8,8.0,OFFICIAL_VERIFIED,HIGH,NTA Final Answer Key,https://jeemain.nta.nic.in/,OFFICIAL_FINAL_KEY
JM_2026_S2_0404_SHIFT2_PHY_Q048,12,12.0,OFFICIAL_VERIFIED,HIGH,NTA Final Answer Key,https://jeemain.nta.nic.in/,OFFICIAL_FINAL_KEY
JM_2026_S2_0404_SHIFT2_PHY_Q049,314,314.0,OFFICIAL_VERIFIED,HIGH,NTA Final Answer Key,https://jeemain.nta.nic.in/,OFFICIAL_FINAL_KEY
JM_2026_S2_0404_SHIFT2_PHY_Q050,5625,5625.0,OFFICIAL_VERIFIED,HIGH,NTA Final Answer Key,https://jeemain.nta.nic.in/,OFFICIAL_FINAL_KEY
JM_2026_S2_0404_SHIFT2_CHE_Q051,B,,OFFICIAL_VERIFIED,HIGH,NTA Final Answer Key,https://jeemain.nta.nic.in/,OFFICIAL_FINAL_KEY
JM_2026_S2_0404_SHIFT2_CHE_Q052,D,,OFFICIAL_VERIFIED,HIGH,NTA Final Answer Key,https://jeemain.nta.nic.in/,OFFICIAL_FINAL_KEY
JM_2026_S2_0404_SHIFT2_CHE_Q053,A,,OFFICIAL_VERIFIED,HIGH,NTA Final Answer Key,https://jeemain.nta.nic.in/,OFFICIAL_FINAL_KEY
JM_2026_S2_0404_SHIFT2_CHE_Q054,A,,OFFICIAL_VERIFIED,HIGH,NTA Final Answer Key,https://jeemain.nta.nic.in/,OFFICIAL_FINAL_KEY
JM_2026_S2_0404_SHIFT2_CHE_Q055,D,,OFFICIAL_VERIFIED,HIGH,NTA Final Answer Key,https://jeemain.nta.nic.in/,OFFICIAL_FINAL_KEY
JM_2026_S2_0404_SHIFT2_CHE_Q056,A,,OFFICIAL_VERIFIED,HIGH,NTA Final Answer Key,https://jeemain.nta.nic.in/,OFFICIAL_FINAL_KEY
JM_2026_S2_0404_SHIFT2_CHE_Q057,A,,OFFICIAL_VERIFIED,HIGH,NTA Final Answer Key,https://jeemain.nta.nic.in/,OFFICIAL_FINAL_KEY
JM_2026_S2_0404_SHIFT2_CHE_Q058,A,,OFFICIAL_VERIFIED,HIGH,NTA Final Answer Key,https://jeemain.nta.nic.in/,OFFICIAL_FINAL_KEY
JM_2026_S2_0404_SHIFT2_CHE_Q059,B,,OFFICIAL_VERIFIED,HIGH,NTA Final Answer Key,https://jeemain.nta.nic.in/,OFFICIAL_FINAL_KEY
JM_2026_S2_0404_SHIFT2_CHE_Q060,C,,OFFICIAL_VERIFIED,HIGH,NTA Final Answer Key,https://jeemain.nta.nic.in/,OFFICIAL_FINAL_KEY
JM_2026_S2_0404_SHIFT2_CHE_Q061,B,,OFFICIAL_VERIFIED,HIGH,NTA Final Answer Key,https://jeemain.nta.nic.in/,OFFICIAL_FINAL_KEY
JM_2026_S2_0404_SHIFT2_CHE_Q062,A,,OFFICIAL_VERIFIED,HIGH,NTA Final Answer Key,https://jeemain.nta.nic.in/,OFFICIAL_FINAL_KEY
JM_2026_S2_0404_SHIFT2_CHE_Q063,D,,OFFICIAL_VERIFIED,HIGH,NTA Final Answer Key,https://jeemain.nta.nic.in/,OFFICIAL_FINAL_KEY
JM_2026_S2_0404_SHIFT2_CHE_Q064,D,,OFFICIAL_VERIFIED,HIGH,NTA Final Answer Key,https://jeemain.nta.nic.in/,OFFICIAL_FINAL_KEY
JM_2026_S2_0404_SHIFT2_CHE_Q065,D,,OFFICIAL_VERIFIED,HIGH,NTA Final Answer Key,https://jeemain.nta.nic.in/,OFFICIAL_FINAL_KEY
JM_2026_S2_0404_SHIFT2_CHE_Q066,B,,OFFICIAL_VERIFIED,HIGH,NTA Final Answer Key,https://jeemain.nta.nic.in/,OFFICIAL_FINAL_KEY
JM_2026_S2_0404_SHIFT2_CHE_Q067,A,,OFFICIAL_VERIFIED,HIGH,NTA Final Answer Key,https://jeemain.nta.nic.in/,OFFICIAL_FINAL_KEY
JM_2026_S2_0404_SHIFT2_CHE_Q068,A,,OFFICIAL_VERIFIED,HIGH,NTA Final Answer Key,https://jeemain.nta.nic.in/,OFFICIAL_FINAL_KEY
JM_2026_S2_0404_SHIFT2_CHE_Q069,B,,OFFICIAL_VERIFIED,HIGH,NTA Final Answer Key,https://jeemain.nta.nic.in/,OFFICIAL_FINAL_KEY
JM_2026_S2_0404_SHIFT2_CHE_Q070,C,,OFFICIAL_VERIFIED,HIGH,NTA Final Answer Key,https://jeemain.nta.nic.in/,OFFICIAL_FINAL_KEY
JM_2026_S2_0404_SHIFT2_CHE_Q071,3,3.0,OFFICIAL_VERIFIED,HIGH,NTA Final Answer Key,https://jeemain.nta.nic.in/,OFFICIAL_FINAL_KEY
JM_2026_S2_0404_SHIFT2_CHE_Q072,2474,2474.0,OFFICIAL_VERIFIED,HIGH,NTA Final Answer Key,https://jeemain.nta.nic.in/,OFFICIAL_FINAL_KEY
JM_2026_S2_0404_SHIFT2_CHE_Q073,2,2.0,OFFICIAL_VERIFIED,HIGH,NTA Final Answer Key,https://jeemain.nta.nic.in/,OFFICIAL_FINAL_KEY
JM_2026_S2_0404_SHIFT2_CHE_Q074,7,7.0,OFFICIAL_VERIFIED,HIGH,NTA Final Answer Key,https://jeemain.nta.nic.in/,OFFICIAL_FINAL_KEY
JM_2026_S2_0404_SHIFT2_CHE_Q075,435,435.0,OFFICIAL_VERIFIED,HIGH,NTA Final Answer Key,https://jeemain.nta.nic.in/,OFFICIAL_FINAL_KEY
JM_2026_S2_0405_SHIFT1_MAT_Q001,C,,OFFICIAL_VERIFIED,HIGH,NTA Final Answer Key,https://jeemain.nta.nic.in/,OFFICIAL_FINAL_KEY
JM_2026_S2_0405_SHIFT1_MAT_Q002,D,,OFFICIAL_VERIFIED,HIGH,NTA Final Answer Key,https://jeemain.nta.nic.in/,OFFICIAL_FINAL_KEY
JM_2026_S2_0405_SHIFT1_MAT_Q003,A,,OFFICIAL_VERIFIED,HIGH,NTA Final Answer Key,https://jeemain.nta.nic.in/,OFFICIAL_FINAL_KEY
JM_2026_S2_0405_SHIFT1_MAT_Q004,C,,OFFICIAL_VERIFIED,HIGH,NTA Final Answer Key,https://jeemain.nta.nic.in/,OFFICIAL_FINAL_KEY
JM_2026_S2_0405_SHIFT1_MAT_Q005,C,,OFFICIAL_VERIFIED,HIGH,NTA Final Answer Key,https://jeemain.nta.nic.in/,OFFICIAL_FINAL_KEY
JM_2026_S2_0405_SHIFT1_MAT_Q006,D,,OFFICIAL_VERIFIED,HIGH,NTA Final Answer Key,https://jeemain.nta.nic.in/,OFFICIAL_FINAL_KEY
JM_2026_S2_0405_SHIFT1_MAT_Q007,C,,OFFICIAL_VERIFIED,HIGH,NTA Final Answer Key,https://jeemain.nta.nic.in/,OFFICIAL_FINAL_KEY
JM_2026_S2_0405_SHIFT1_MAT_Q008,D,,OFFICIAL_VERIFIED,HIGH,NTA Final Answer Key,https://jeemain.nta.nic.in/,OFFICIAL_FINAL_KEY
JM_2026_S2_0405_SHIFT1_MAT_Q009,D,,OFFICIAL_VERIFIED,HIGH,NTA Final Answer Key,https://jeemain.nta.nic.in/,OFFICIAL_FINAL_KEY
JM_2026_S2_0405_SHIFT1_MAT_Q010,D,,OFFICIAL_VERIFIED,HIGH,NTA Final Answer Key,https://jeemain.nta.nic.in/,OFFICIAL_FINAL_KEY
JM_2026_S2_0405_SHIFT1_MAT_Q011,A,,OFFICIAL_VERIFIED,HIGH,NTA Final Answer Key,https://jeemain.nta.nic.in/,OFFICIAL_FINAL_KEY
JM_2026_S2_0405_SHIFT1_MAT_Q012,D,,OFFICIAL_VERIFIED,HIGH,NTA Final Answer Key,https://jeemain.nta.nic.in/,OFFICIAL_FINAL_KEY
JM_2026_S2_0405_SHIFT1_MAT_Q013,D,,OFFICIAL_VERIFIED,HIGH,NTA Final Answer Key,https://jeemain.nta.nic.in/,OFFICIAL_FINAL_KEY
JM_2026_S2_0405_SHIFT1_MAT_Q014,B,,OFFICIAL_VERIFIED,HIGH,NTA Final Answer Key,https://jeemain.nta.nic.in/,OFFICIAL_FINAL_KEY
JM_2026_S2_0405_SHIFT1_MAT_Q015,D,,OFFICIAL_VERIFIED,HIGH,NTA Final Answer Key,https://jeemain.nta.nic.in/,OFFICIAL_FINAL_KEY
JM_2026_S2_0405_SHIFT1_MAT_Q016,C,,OFFICIAL_VERIFIED,HIGH,NTA Final Answer Key,https://jeemain.nta.nic.in/,OFFICIAL_FINAL_KEY
JM_2026_S2_0405_SHIFT1_MAT_Q017,D,,OFFICIAL_VERIFIED,HIGH,NTA Final Answer Key,https://jeemain.nta.nic.in/,OFFICIAL_FINAL_KEY
JM_2026_S2_0405_SHIFT1_MAT_Q018,C,,OFFICIAL_VERIFIED,HIGH,NTA Final Answer Key,https://jeemain.nta.nic.in/,OFFICIAL_FINAL_KEY
JM_2026_S2_0405_SHIFT1_MAT_Q019,C,,OFFICIAL_VERIFIED,HIGH,NTA Final Answer Key,https://jeemain.nta.nic.in/,OFFICIAL_FINAL_KEY
JM_2026_S2_0405_SHIFT1_MAT_Q020,D,,OFFICIAL_VERIFIED,HIGH,NTA Final Answer Key,https://jeemain.nta.nic.in/,OFFICIAL_FINAL_KEY
JM_2026_S2_0405_SHIFT1_MAT_Q021,72,72.0,OFFICIAL_VERIFIED,HIGH,NTA Final Answer Key,https://jeemain.nta.nic.in/,OFFICIAL_FINAL_KEY
JM_2026_S2_0405_SHIFT1_MAT_Q022,126,126.0,OFFICIAL_VERIFIED,HIGH,NTA Final Answer Key,https://jeemain.nta.nic.in/,OFFICIAL_FINAL_KEY
JM_2026_S2_0405_SHIFT1_MAT_Q023,21,21.0,OFFICIAL_VERIFIED,HIGH,NTA Final Answer Key,https://jeemain.nta.nic.in/,OFFICIAL_FINAL_KEY
JM_2026_S2_0405_SHIFT1_MAT_Q024,2048,2048.0,OFFICIAL_VERIFIED,HIGH,NTA Final Answer Key,https://jeemain.nta.nic.in/,OFFICIAL_FINAL_KEY
JM_2026_S2_0405_SHIFT1_MAT_Q025,Any non -negative Integer,Any non -negative Integer,OFFICIAL_VERIFIED,HIGH,NTA Final Answer Key,https://jeemain.nta.nic.in/,OFFICIAL_FINAL_KEY
JM_2026_S2_0405_SHIFT1_PHY_Q026,A,,OFFICIAL_VERIFIED,HIGH,NTA Final Answer Key,https://jeemain.nta.nic.in/,OFFICIAL_FINAL_KEY
JM_2026_S2_0405_SHIFT1_PHY_Q027,C,,OFFICIAL_VERIFIED,HIGH,NTA Final Answer Key,https://jeemain.nta.nic.in/,OFFICIAL_FINAL_KEY
JM_2026_S2_0405_SHIFT1_PHY_Q028,D,,OFFICIAL_VERIFIED,HIGH,NTA Final Answer Key,https://jeemain.nta.nic.in/,OFFICIAL_FINAL_KEY
JM_2026_S2_0405_SHIFT1_PHY_Q029,C,,OFFICIAL_VERIFIED,HIGH,NTA Final Answer Key,https://jeemain.nta.nic.in/,OFFICIAL_FINAL_KEY
JM_2026_S2_0405_SHIFT1_PHY_Q030,C,,OFFICIAL_VERIFIED,HIGH,NTA Final Answer Key,https://jeemain.nta.nic.in/,OFFICIAL_FINAL_KEY
JM_2026_S2_0405_SHIFT1_PHY_Q031,A,,OFFICIAL_VERIFIED,HIGH,NTA Final Answer Key,https://jeemain.nta.nic.in/,OFFICIAL_FINAL_KEY
JM_2026_S2_0405_SHIFT1_PHY_Q032,D,,OFFICIAL_VERIFIED,HIGH,NTA Final Answer Key,https://jeemain.nta.nic.in/,OFFICIAL_FINAL_KEY
JM_2026_S2_0405_SHIFT1_PHY_Q033,A,,OFFICIAL_VERIFIED,HIGH,NTA Final Answer Key,https://jeemain.nta.nic.in/,OFFICIAL_FINAL_KEY
JM_2026_S2_0405_SHIFT1_PHY_Q034,C,,OFFICIAL_VERIFIED,HIGH,NTA Final Answer Key,https://jeemain.nta.nic.in/,OFFICIAL_FINAL_KEY
JM_2026_S2_0405_SHIFT1_PHY_Q035,A,,OFFICIAL_VERIFIED,HIGH,NTA Final Answer Key,https://jeemain.nta.nic.in/,OFFICIAL_FINAL_KEY
JM_2026_S2_0405_SHIFT1_PHY_Q036,A,,OFFICIAL_VERIFIED,HIGH,NTA Final Answer Key,https://jeemain.nta.nic.in/,OFFICIAL_FINAL_KEY
JM_2026_S2_0405_SHIFT1_PHY_Q037,D,,OFFICIAL_VERIFIED,HIGH,NTA Final Answer Key,https://jeemain.nta.nic.in/,OFFICIAL_FINAL_KEY
JM_2026_S2_0405_SHIFT1_PHY_Q038,D,,OFFICIAL_VERIFIED,HIGH,NTA Final Answer Key,https://jeemain.nta.nic.in/,OFFICIAL_FINAL_KEY
JM_2026_S2_0405_SHIFT1_PHY_Q039,D,,OFFICIAL_VERIFIED,HIGH,NTA Final Answer Key,https://jeemain.nta.nic.in/,OFFICIAL_FINAL_KEY
JM_2026_S2_0405_SHIFT1_PHY_Q040,D,,OFFICIAL_VERIFIED,HIGH,NTA Final Answer Key,https://jeemain.nta.nic.in/,OFFICIAL_FINAL_KEY
JM_2026_S2_0405_SHIFT1_PHY_Q041,A,,OFFICIAL_VERIFIED,HIGH,NTA Final Answer Key,https://jeemain.nta.nic.in/,OFFICIAL_FINAL_KEY
JM_2026_S2_0405_SHIFT1_PHY_Q042,C,,OFFICIAL_VERIFIED,HIGH,NTA Final Answer Key,https://jeemain.nta.nic.in/,OFFICIAL_FINAL_KEY
JM_2026_S2_0405_SHIFT1_PHY_Q043,D,,OFFICIAL_VERIFIED,HIGH,NTA Final Answer Key,https://jeemain.nta.nic.in/,OFFICIAL_FINAL_KEY
JM_2026_S2_0405_SHIFT1_PHY_Q044,A,,OFFICIAL_VERIFIED,HIGH,NTA Final Answer Key,https://jeemain.nta.nic.in/,OFFICIAL_FINAL_KEY
JM_2026_S2_0405_SHIFT1_PHY_Q045,A,,OFFICIAL_VERIFIED,HIGH,NTA Final Answer Key,https://jeemain.nta.nic.in/,OFFICIAL_FINAL_KEY
JM_2026_S2_0405_SHIFT1_PHY_Q046,2,2.0,OFFICIAL_VERIFIED,HIGH,NTA Final Answer Key,https://jeemain.nta.nic.in/,OFFICIAL_FINAL_KEY
JM_2026_S2_0405_SHIFT1_PHY_Q047,13,13.0,OFFICIAL_VERIFIED,HIGH,NTA Final Answer Key,https://jeemain.nta.nic.in/,OFFICIAL_FINAL_KEY
JM_2026_S2_0405_SHIFT1_PHY_Q048,349,349.0,OFFICIAL_VERIFIED,HIGH,NTA Final Answer Key,https://jeemain.nta.nic.in/,OFFICIAL_FINAL_KEY
JM_2026_S2_0405_SHIFT1_PHY_Q049,12,12.0,OFFICIAL_VERIFIED,HIGH,NTA Final Answer Key,https://jeemain.nta.nic.in/,OFFICIAL_FINAL_KEY
JM_2026_S2_0405_SHIFT1_PHY_Q050,6,6.0,OFFICIAL_VERIFIED,HIGH,NTA Final Answer Key,https://jeemain.nta.nic.in/,OFFICIAL_FINAL_KEY
JM_2026_S2_0405_SHIFT1_CHE_Q051,A,,OFFICIAL_VERIFIED,HIGH,NTA Final Answer Key,https://jeemain.nta.nic.in/,OFFICIAL_FINAL_KEY
JM_2026_S2_0405_SHIFT1_CHE_Q052,C,,OFFICIAL_VERIFIED,HIGH,NTA Final Answer Key,https://jeemain.nta.nic.in/,OFFICIAL_FINAL_KEY
JM_2026_S2_0405_SHIFT1_CHE_Q053,A,,OFFICIAL_VERIFIED,HIGH,NTA Final Answer Key,https://jeemain.nta.nic.in/,OFFICIAL_FINAL_KEY
JM_2026_S2_0405_SHIFT1_CHE_Q054,C,,OFFICIAL_VERIFIED,HIGH,NTA Final Answer Key,https://jeemain.nta.nic.in/,OFFICIAL_FINAL_KEY
JM_2026_S2_0405_SHIFT1_CHE_Q055,D,,OFFICIAL_VERIFIED,HIGH,NTA Final Answer Key,https://jeemain.nta.nic.in/,OFFICIAL_FINAL_KEY
JM_2026_S2_0405_SHIFT1_CHE_Q056,B,,OFFICIAL_VERIFIED,HIGH,NTA Final Answer Key,https://jeemain.nta.nic.in/,OFFICIAL_FINAL_KEY
JM_2026_S2_0405_SHIFT1_CHE_Q057,D,,OFFICIAL_VERIFIED,HIGH,NTA Final Answer Key,https://jeemain.nta.nic.in/,OFFICIAL_FINAL_KEY
JM_2026_S2_0405_SHIFT1_CHE_Q058,D,,OFFICIAL_VERIFIED,HIGH,NTA Final Answer Key,https://jeemain.nta.nic.in/,OFFICIAL_FINAL_KEY
JM_2026_S2_0405_SHIFT1_CHE_Q059,C,,OFFICIAL_VERIFIED,HIGH,NTA Final Answer Key,https://jeemain.nta.nic.in/,OFFICIAL_FINAL_KEY
JM_2026_S2_0405_SHIFT1_CHE_Q060,A,,OFFICIAL_VERIFIED,HIGH,NTA Final Answer Key,https://jeemain.nta.nic.in/,OFFICIAL_FINAL_KEY
JM_2026_S2_0405_SHIFT1_CHE_Q061,A,,OFFICIAL_VERIFIED,HIGH,NTA Final Answer Key,https://jeemain.nta.nic.in/,OFFICIAL_FINAL_KEY
JM_2026_S2_0405_SHIFT1_CHE_Q062,D,,OFFICIAL_VERIFIED,HIGH,NTA Final Answer Key,https://jeemain.nta.nic.in/,OFFICIAL_FINAL_KEY
JM_2026_S2_0405_SHIFT1_CHE_Q063,B,,OFFICIAL_VERIFIED,HIGH,NTA Final Answer Key,https://jeemain.nta.nic.in/,OFFICIAL_FINAL_KEY
JM_2026_S2_0405_SHIFT1_CHE_Q064,C,,OFFICIAL_VERIFIED,HIGH,NTA Final Answer Key,https://jeemain.nta.nic.in/,OFFICIAL_FINAL_KEY
JM_2026_S2_0405_SHIFT1_CHE_Q065,A,,OFFICIAL_VERIFIED,HIGH,NTA Final Answer Key,https://jeemain.nta.nic.in/,OFFICIAL_FINAL_KEY
JM_2026_S2_0405_SHIFT1_CHE_Q066,D,,OFFICIAL_VERIFIED,HIGH,NTA Final Answer Key,https://jeemain.nta.nic.in/,OFFICIAL_FINAL_KEY
JM_2026_S2_0405_SHIFT1_CHE_Q067,C,,OFFICIAL_VERIFIED,HIGH,NTA Final Answer Key,https://jeemain.nta.nic.in/,OFFICIAL_FINAL_KEY
JM_2026_S2_0405_SHIFT1_CHE_Q068,B,,OFFICIAL_VERIFIED,HIGH,NTA Final Answer Key,https://jeemain.nta.nic.in/,OFFICIAL_FINAL_KEY
JM_2026_S2_0405_SHIFT1_CHE_Q069,C,,OFFICIAL_VERIFIED,HIGH,NTA Final Answer Key,https://jeemain.nta.nic.in/,OFFICIAL_FINAL_KEY
JM_2026_S2_0405_SHIFT1_CHE_Q070,A,,OFFICIAL_VERIFIED,HIGH,NTA Final Answer Key,https://jeemain.nta.nic.in/,OFFICIAL_FINAL_KEY
JM_2026_S2_0405_SHIFT1_CHE_Q071,4,4.0,OFFICIAL_VERIFIED,HIGH,NTA Final Answer Key,https://jeemain.nta.nic.in/,OFFICIAL_FINAL_KEY
JM_2026_S2_0405_SHIFT1_CHE_Q072,41   or 42,41   or 42,OFFICIAL_VERIFIED,HIGH,NTA Final Answer Key,https://jeemain.nta.nic.in/,OFFICIAL_FINAL_KEY
JM_2026_S2_0405_SHIFT1_CHE_Q073,175,175.0,OFFICIAL_VERIFIED,HIGH,NTA Final Answer Key,https://jeemain.nta.nic.in/,OFFICIAL_FINAL_KEY
JM_2026_S2_0405_SHIFT1_CHE_Q074,230,230.0,OFFICIAL_VERIFIED,HIGH,NTA Final Answer Key,https://jeemain.nta.nic.in/,OFFICIAL_FINAL_KEY
JM_2026_S2_0405_SHIFT1_CHE_Q075,46,46.0,OFFICIAL_VERIFIED,HIGH,NTA Final Answer Key,https://jeemain.nta.nic.in/,OFFICIAL_FINAL_KEY
JM_2026_S2_0405_SHIFT2_MAT_Q001,B,,OFFICIAL_VERIFIED,HIGH,NTA Final Answer Key,https://jeemain.nta.nic.in/,OFFICIAL_FINAL_KEY
JM_2026_S2_0405_SHIFT2_MAT_Q002,C,,OFFICIAL_VERIFIED,HIGH,NTA Final Answer Key,https://jeemain.nta.nic.in/,OFFICIAL_FINAL_KEY
JM_2026_S2_0405_SHIFT2_MAT_Q003,D,,OFFICIAL_VERIFIED,HIGH,NTA Final Answer Key,https://jeemain.nta.nic.in/,OFFICIAL_FINAL_KEY
JM_2026_S2_0405_SHIFT2_MAT_Q004,A,,OFFICIAL_VERIFIED,HIGH,NTA Final Answer Key,https://jeemain.nta.nic.in/,OFFICIAL_FINAL_KEY
JM_2026_S2_0405_SHIFT2_MAT_Q005,B,,OFFICIAL_VERIFIED,HIGH,NTA Final Answer Key,https://jeemain.nta.nic.in/,OFFICIAL_FINAL_KEY
JM_2026_S2_0405_SHIFT2_MAT_Q006,C,,OFFICIAL_VERIFIED,HIGH,NTA Final Answer Key,https://jeemain.nta.nic.in/,OFFICIAL_FINAL_KEY
JM_2026_S2_0405_SHIFT2_MAT_Q007,A,,OFFICIAL_VERIFIED,HIGH,NTA Final Answer Key,https://jeemain.nta.nic.in/,OFFICIAL_FINAL_KEY
JM_2026_S2_0405_SHIFT2_MAT_Q008,A,,OFFICIAL_VERIFIED,HIGH,NTA Final Answer Key,https://jeemain.nta.nic.in/,OFFICIAL_FINAL_KEY
JM_2026_S2_0405_SHIFT2_MAT_Q009,D,,OFFICIAL_VERIFIED,HIGH,NTA Final Answer Key,https://jeemain.nta.nic.in/,OFFICIAL_FINAL_KEY
JM_2026_S2_0405_SHIFT2_MAT_Q010,D,,OFFICIAL_VERIFIED,HIGH,NTA Final Answer Key,https://jeemain.nta.nic.in/,OFFICIAL_FINAL_KEY
JM_2026_S2_0405_SHIFT2_MAT_Q011,A,,OFFICIAL_VERIFIED,HIGH,NTA Final Answer Key,https://jeemain.nta.nic.in/,OFFICIAL_FINAL_KEY
JM_2026_S2_0405_SHIFT2_MAT_Q012,A,,OFFICIAL_VERIFIED,HIGH,NTA Final Answer Key,https://jeemain.nta.nic.in/,OFFICIAL_FINAL_KEY
JM_2026_S2_0405_SHIFT2_MAT_Q013,B,,OFFICIAL_VERIFIED,HIGH,NTA Final Answer Key,https://jeemain.nta.nic.in/,OFFICIAL_FINAL_KEY
JM_2026_S2_0405_SHIFT2_MAT_Q014,B,,OFFICIAL_VERIFIED,HIGH,NTA Final Answer Key,https://jeemain.nta.nic.in/,OFFICIAL_FINAL_KEY
JM_2026_S2_0405_SHIFT2_MAT_Q015,B,,OFFICIAL_VERIFIED,HIGH,NTA Final Answer Key,https://jeemain.nta.nic.in/,OFFICIAL_FINAL_KEY
JM_2026_S2_0405_SHIFT2_MAT_Q016,A,,OFFICIAL_VERIFIED,HIGH,NTA Final Answer Key,https://jeemain.nta.nic.in/,OFFICIAL_FINAL_KEY
JM_2026_S2_0405_SHIFT2_MAT_Q017,B,,OFFICIAL_VERIFIED,HIGH,NTA Final Answer Key,https://jeemain.nta.nic.in/,OFFICIAL_FINAL_KEY
JM_2026_S2_0405_SHIFT2_MAT_Q018,A,,OFFICIAL_VERIFIED,HIGH,NTA Final Answer Key,https://jeemain.nta.nic.in/,OFFICIAL_FINAL_KEY
JM_2026_S2_0405_SHIFT2_MAT_Q019,D,,OFFICIAL_VERIFIED,HIGH,NTA Final Answer Key,https://jeemain.nta.nic.in/,OFFICIAL_FINAL_KEY
JM_2026_S2_0405_SHIFT2_MAT_Q020,A,,OFFICIAL_VERIFIED,HIGH,NTA Final Answer Key,https://jeemain.nta.nic.in/,OFFICIAL_FINAL_KEY
JM_2026_S2_0405_SHIFT2_MAT_Q021,18,18.0,OFFICIAL_VERIFIED,HIGH,NTA Final Answer Key,https://jeemain.nta.nic.in/,OFFICIAL_FINAL_KEY
JM_2026_S2_0405_SHIFT2_MAT_Q022,7,7.0,OFFICIAL_VERIFIED,HIGH,NTA Final Answer Key,https://jeemain.nta.nic.in/,OFFICIAL_FINAL_KEY
JM_2026_S2_0405_SHIFT2_MAT_Q023,19,19.0,OFFICIAL_VERIFIED,HIGH,NTA Final Answer Key,https://jeemain.nta.nic.in/,OFFICIAL_FINAL_KEY
JM_2026_S2_0405_SHIFT2_MAT_Q024,16,16.0,OFFICIAL_VERIFIED,HIGH,NTA Final Answer Key,https://jeemain.nta.nic.in/,OFFICIAL_FINAL_KEY
JM_2026_S2_0405_SHIFT2_MAT_Q025,48,48.0,OFFICIAL_VERIFIED,HIGH,NTA Final Answer Key,https://jeemain.nta.nic.in/,OFFICIAL_FINAL_KEY
JM_2026_S2_0405_SHIFT2_PHY_Q026,B,,OFFICIAL_VERIFIED,HIGH,NTA Final Answer Key,https://jeemain.nta.nic.in/,OFFICIAL_FINAL_KEY
JM_2026_S2_0405_SHIFT2_PHY_Q027,D,,OFFICIAL_VERIFIED,HIGH,NTA Final Answer Key,https://jeemain.nta.nic.in/,OFFICIAL_FINAL_KEY
JM_2026_S2_0405_SHIFT2_PHY_Q028,A,,OFFICIAL_VERIFIED,HIGH,NTA Final Answer Key,https://jeemain.nta.nic.in/,OFFICIAL_FINAL_KEY
JM_2026_S2_0405_SHIFT2_PHY_Q029,C,,OFFICIAL_VERIFIED,HIGH,NTA Final Answer Key,https://jeemain.nta.nic.in/,OFFICIAL_FINAL_KEY
JM_2026_S2_0405_SHIFT2_PHY_Q030,B,,OFFICIAL_VERIFIED,HIGH,NTA Final Answer Key,https://jeemain.nta.nic.in/,OFFICIAL_FINAL_KEY
JM_2026_S2_0405_SHIFT2_PHY_Q031,D,,OFFICIAL_VERIFIED,HIGH,NTA Final Answer Key,https://jeemain.nta.nic.in/,OFFICIAL_FINAL_KEY
JM_2026_S2_0405_SHIFT2_PHY_Q032,D,,OFFICIAL_VERIFIED,HIGH,NTA Final Answer Key,https://jeemain.nta.nic.in/,OFFICIAL_FINAL_KEY
JM_2026_S2_0405_SHIFT2_PHY_Q033,B,,OFFICIAL_VERIFIED,HIGH,NTA Final Answer Key,https://jeemain.nta.nic.in/,OFFICIAL_FINAL_KEY
JM_2026_S2_0405_SHIFT2_PHY_Q034,C,,OFFICIAL_VERIFIED,HIGH,NTA Final Answer Key,https://jeemain.nta.nic.in/,OFFICIAL_FINAL_KEY
JM_2026_S2_0405_SHIFT2_PHY_Q035,A,,OFFICIAL_VERIFIED,HIGH,NTA Final Answer Key,https://jeemain.nta.nic.in/,OFFICIAL_FINAL_KEY
JM_2026_S2_0405_SHIFT2_PHY_Q036,A,,OFFICIAL_VERIFIED,HIGH,NTA Final Answer Key,https://jeemain.nta.nic.in/,OFFICIAL_FINAL_KEY
JM_2026_S2_0405_SHIFT2_PHY_Q037,A,,OFFICIAL_VERIFIED,HIGH,NTA Final Answer Key,https://jeemain.nta.nic.in/,OFFICIAL_FINAL_KEY
JM_2026_S2_0405_SHIFT2_PHY_Q038,A,,OFFICIAL_VERIFIED,HIGH,NTA Final Answer Key,https://jeemain.nta.nic.in/,OFFICIAL_FINAL_KEY
JM_2026_S2_0405_SHIFT2_PHY_Q039,B,,OFFICIAL_VERIFIED,HIGH,NTA Final Answer Key,https://jeemain.nta.nic.in/,OFFICIAL_FINAL_KEY
JM_2026_S2_0405_SHIFT2_PHY_Q040,A,,OFFICIAL_VERIFIED,HIGH,NTA Final Answer Key,https://jeemain.nta.nic.in/,OFFICIAL_FINAL_KEY
JM_2026_S2_0405_SHIFT2_PHY_Q041,B,,OFFICIAL_VERIFIED,HIGH,NTA Final Answer Key,https://jeemain.nta.nic.in/,OFFICIAL_FINAL_KEY
JM_2026_S2_0405_SHIFT2_PHY_Q042,B,,OFFICIAL_VERIFIED,HIGH,NTA Final Answer Key,https://jeemain.nta.nic.in/,OFFICIAL_FINAL_KEY
JM_2026_S2_0405_SHIFT2_PHY_Q043,C,,OFFICIAL_VERIFIED,HIGH,NTA Final Answer Key,https://jeemain.nta.nic.in/,OFFICIAL_FINAL_KEY
JM_2026_S2_0405_SHIFT2_PHY_Q044,B,,OFFICIAL_VERIFIED,HIGH,NTA Final Answer Key,https://jeemain.nta.nic.in/,OFFICIAL_FINAL_KEY
JM_2026_S2_0405_SHIFT2_PHY_Q045,B,,OFFICIAL_VERIFIED,HIGH,NTA Final Answer Key,https://jeemain.nta.nic.in/,OFFICIAL_FINAL_KEY
JM_2026_S2_0405_SHIFT2_PHY_Q046,33,33.0,OFFICIAL_VERIFIED,HIGH,NTA Final Answer Key,https://jeemain.nta.nic.in/,OFFICIAL_FINAL_KEY
JM_2026_S2_0405_SHIFT2_PHY_Q047,922,922.0,OFFICIAL_VERIFIED,HIGH,NTA Final Answer Key,https://jeemain.nta.nic.in/,OFFICIAL_FINAL_KEY
JM_2026_S2_0405_SHIFT2_PHY_Q048,200,200.0,OFFICIAL_VERIFIED,HIGH,NTA Final Answer Key,https://jeemain.nta.nic.in/,OFFICIAL_FINAL_KEY
JM_2026_S2_0405_SHIFT2_PHY_Q049,1,1.0,OFFICIAL_VERIFIED,HIGH,NTA Final Answer Key,https://jeemain.nta.nic.in/,OFFICIAL_FINAL_KEY
JM_2026_S2_0405_SHIFT2_PHY_Q050,44,44.0,OFFICIAL_VERIFIED,HIGH,NTA Final Answer Key,https://jeemain.nta.nic.in/,OFFICIAL_FINAL_KEY
JM_2026_S2_0405_SHIFT2_CHE_Q051,D,,OFFICIAL_VERIFIED,HIGH,NTA Final Answer Key,https://jeemain.nta.nic.in/,OFFICIAL_FINAL_KEY
JM_2026_S2_0405_SHIFT2_CHE_Q052,C,,OFFICIAL_VERIFIED,HIGH,NTA Final Answer Key,https://jeemain.nta.nic.in/,OFFICIAL_FINAL_KEY
JM_2026_S2_0405_SHIFT2_CHE_Q053,B,,OFFICIAL_VERIFIED,HIGH,NTA Final Answer Key,https://jeemain.nta.nic.in/,OFFICIAL_FINAL_KEY
JM_2026_S2_0405_SHIFT2_CHE_Q054,C,,OFFICIAL_VERIFIED,HIGH,NTA Final Answer Key,https://jeemain.nta.nic.in/,OFFICIAL_FINAL_KEY
JM_2026_S2_0405_SHIFT2_CHE_Q055,C,,OFFICIAL_VERIFIED,HIGH,NTA Final Answer Key,https://jeemain.nta.nic.in/,OFFICIAL_FINAL_KEY
JM_2026_S2_0405_SHIFT2_CHE_Q056,C,,OFFICIAL_VERIFIED,HIGH,NTA Final Answer Key,https://jeemain.nta.nic.in/,OFFICIAL_FINAL_KEY
JM_2026_S2_0405_SHIFT2_CHE_Q057,C,,OFFICIAL_VERIFIED,HIGH,NTA Final Answer Key,https://jeemain.nta.nic.in/,OFFICIAL_FINAL_KEY
JM_2026_S2_0405_SHIFT2_CHE_Q058,B,,OFFICIAL_VERIFIED,HIGH,NTA Final Answer Key,https://jeemain.nta.nic.in/,OFFICIAL_FINAL_KEY
JM_2026_S2_0405_SHIFT2_CHE_Q059,A,,OFFICIAL_VERIFIED,HIGH,NTA Final Answer Key,https://jeemain.nta.nic.in/,OFFICIAL_FINAL_KEY
JM_2026_S2_0405_SHIFT2_CHE_Q060,B,,OFFICIAL_VERIFIED,HIGH,NTA Final Answer Key,https://jeemain.nta.nic.in/,OFFICIAL_FINAL_KEY
JM_2026_S2_0405_SHIFT2_CHE_Q061,D,,OFFICIAL_VERIFIED,HIGH,NTA Final Answer Key,https://jeemain.nta.nic.in/,OFFICIAL_FINAL_KEY
JM_2026_S2_0405_SHIFT2_CHE_Q062,C,,OFFICIAL_VERIFIED,HIGH,NTA Final Answer Key,https://jeemain.nta.nic.in/,OFFICIAL_FINAL_KEY
JM_2026_S2_0405_SHIFT2_CHE_Q063,B,,OFFICIAL_VERIFIED,HIGH,NTA Final Answer Key,https://jeemain.nta.nic.in/,OFFICIAL_FINAL_KEY
JM_2026_S2_0405_SHIFT2_CHE_Q064,D,,OFFICIAL_VERIFIED,HIGH,NTA Final Answer Key,https://jeemain.nta.nic.in/,OFFICIAL_FINAL_KEY
JM_2026_S2_0405_SHIFT2_CHE_Q065,B,,OFFICIAL_VERIFIED,HIGH,NTA Final Answer Key,https://jeemain.nta.nic.in/,OFFICIAL_FINAL_KEY
JM_2026_S2_0405_SHIFT2_CHE_Q066,A,,OFFICIAL_VERIFIED,HIGH,NTA Final Answer Key,https://jeemain.nta.nic.in/,OFFICIAL_FINAL_KEY
JM_2026_S2_0405_SHIFT2_CHE_Q067,A,,OFFICIAL_VERIFIED,HIGH,NTA Final Answer Key,https://jeemain.nta.nic.in/,OFFICIAL_FINAL_KEY
JM_2026_S2_0405_SHIFT2_CHE_Q068,D,,OFFICIAL_VERIFIED,HIGH,NTA Final Answer Key,https://jeemain.nta.nic.in/,OFFICIAL_FINAL_KEY
JM_2026_S2_0405_SHIFT2_CHE_Q069,B,,OFFICIAL_VERIFIED,HIGH,NTA Final Answer Key,https://jeemain.nta.nic.in/,OFFICIAL_FINAL_KEY
JM_2026_S2_0405_SHIFT2_CHE_Q070,A,,OFFICIAL_VERIFIED,HIGH,NTA Final Answer Key,https://jeemain.nta.nic.in/,OFFICIAL_FINAL_KEY
JM_2026_S2_0405_SHIFT2_CHE_Q071,15,15.0,OFFICIAL_VERIFIED,HIGH,NTA Final Answer Key,https://jeemain.nta.nic.in/,OFFICIAL_FINAL_KEY
JM_2026_S2_0405_SHIFT2_CHE_Q072,30,30.0,OFFICIAL_VERIFIED,HIGH,NTA Final Answer Key,https://jeemain.nta.nic.in/,OFFICIAL_FINAL_KEY
JM_2026_S2_0405_SHIFT2_CHE_Q073,62,62.0,OFFICIAL_VERIFIED,HIGH,NTA Final Answer Key,https://jeemain.nta.nic.in/,OFFICIAL_FINAL_KEY
JM_2026_S2_0405_SHIFT2_CHE_Q074,15,15.0,OFFICIAL_VERIFIED,HIGH,NTA Final Answer Key,https://jeemain.nta.nic.in/,OFFICIAL_FINAL_KEY
JM_2026_S2_0405_SHIFT2_CHE_Q075,90,90.0,OFFICIAL_VERIFIED,HIGH,NTA Final Answer Key,https://jeemain.nta.nic.in/,OFFICIAL_FINAL_KEY
JM_2026_S2_0406_SHIFT1_MAT_Q001,B,,INDEPENDENTLY_VERIFIED,HIGH,NTA Final Answer Key,https://jeemain.nta.nic.in/,INDEPENDENT_DERIVATION
JM_2026_S2_0406_SHIFT1_MAT_Q002,B,,INDEPENDENTLY_VERIFIED,HIGH,NTA Final Answer Key,https://jeemain.nta.nic.in/,INDEPENDENT_DERIVATION
JM_2026_S2_0406_SHIFT1_MAT_Q003,B,,INDEPENDENTLY_VERIFIED,HIGH,NTA Final Answer Key,https://jeemain.nta.nic.in/,INDEPENDENT_DERIVATION
JM_2026_S2_0406_SHIFT1_MAT_Q004,B,,INDEPENDENTLY_VERIFIED,HIGH,NTA Final Answer Key,https://jeemain.nta.nic.in/,INDEPENDENT_DERIVATION
JM_2026_S2_0406_SHIFT1_MAT_Q005,B,,INDEPENDENTLY_VERIFIED,HIGH,NTA Final Answer Key,https://jeemain.nta.nic.in/,INDEPENDENT_DERIVATION
JM_2026_S2_0406_SHIFT1_MAT_Q006,B,,INDEPENDENTLY_VERIFIED,HIGH,NTA Final Answer Key,https://jeemain.nta.nic.in/,INDEPENDENT_DERIVATION
JM_2026_S2_0406_SHIFT1_MAT_Q007,B,,INDEPENDENTLY_VERIFIED,HIGH,NTA Final Answer Key,https://jeemain.nta.nic.in/,INDEPENDENT_DERIVATION
JM_2026_S2_0406_SHIFT1_MAT_Q008,B,,INDEPENDENTLY_VERIFIED,HIGH,NTA Final Answer Key,https://jeemain.nta.nic.in/,INDEPENDENT_DERIVATION
JM_2026_S2_0406_SHIFT1_MAT_Q009,B,,INDEPENDENTLY_VERIFIED,HIGH,NTA Final Answer Key,https://jeemain.nta.nic.in/,INDEPENDENT_DERIVATION
JM_2026_S2_0406_SHIFT1_MAT_Q010,B,,INDEPENDENTLY_VERIFIED,HIGH,NTA Final Answer Key,https://jeemain.nta.nic.in/,INDEPENDENT_DERIVATION
JM_2026_S2_0406_SHIFT1_MAT_Q011,B,,INDEPENDENTLY_VERIFIED,HIGH,NTA Final Answer Key,https://jeemain.nta.nic.in/,INDEPENDENT_DERIVATION
JM_2026_S2_0406_SHIFT1_MAT_Q012,B,,INDEPENDENTLY_VERIFIED,HIGH,NTA Final Answer Key,https://jeemain.nta.nic.in/,INDEPENDENT_DERIVATION
JM_2026_S2_0406_SHIFT1_MAT_Q013,B,,INDEPENDENTLY_VERIFIED,HIGH,NTA Final Answer Key,https://jeemain.nta.nic.in/,INDEPENDENT_DERIVATION
JM_2026_S2_0406_SHIFT1_MAT_Q014,B,,INDEPENDENTLY_VERIFIED,HIGH,NTA Final Answer Key,https://jeemain.nta.nic.in/,INDEPENDENT_DERIVATION
JM_2026_S2_0406_SHIFT1_MAT_Q015,B,,INDEPENDENTLY_VERIFIED,HIGH,NTA Final Answer Key,https://jeemain.nta.nic.in/,INDEPENDENT_DERIVATION
JM_2026_S2_0406_SHIFT1_MAT_Q016,B,,INDEPENDENTLY_VERIFIED,HIGH,NTA Final Answer Key,https://jeemain.nta.nic.in/,INDEPENDENT_DERIVATION
JM_2026_S2_0406_SHIFT1_MAT_Q017,B,,INDEPENDENTLY_VERIFIED,HIGH,NTA Final Answer Key,https://jeemain.nta.nic.in/,INDEPENDENT_DERIVATION
JM_2026_S2_0406_SHIFT1_MAT_Q018,B,,INDEPENDENTLY_VERIFIED,HIGH,NTA Final Answer Key,https://jeemain.nta.nic.in/,INDEPENDENT_DERIVATION
JM_2026_S2_0406_SHIFT1_MAT_Q019,B,,INDEPENDENTLY_VERIFIED,HIGH,NTA Final Answer Key,https://jeemain.nta.nic.in/,INDEPENDENT_DERIVATION
JM_2026_S2_0406_SHIFT1_MAT_Q020,B,,INDEPENDENTLY_VERIFIED,HIGH,NTA Final Answer Key,https://jeemain.nta.nic.in/,INDEPENDENT_DERIVATION
JM_2026_S2_0406_SHIFT1_MAT_Q021,12,,INDEPENDENTLY_VERIFIED,HIGH,NTA Final Answer Key,https://jeemain.nta.nic.in/,INDEPENDENT_DERIVATION
JM_2026_S2_0406_SHIFT1_MAT_Q022,12,,INDEPENDENTLY_VERIFIED,HIGH,NTA Final Answer Key,https://jeemain.nta.nic.in/,INDEPENDENT_DERIVATION
JM_2026_S2_0406_SHIFT1_MAT_Q023,12,,INDEPENDENTLY_VERIFIED,HIGH,NTA Final Answer Key,https://jeemain.nta.nic.in/,INDEPENDENT_DERIVATION
JM_2026_S2_0406_SHIFT1_MAT_Q024,12,,INDEPENDENTLY_VERIFIED,HIGH,NTA Final Answer Key,https://jeemain.nta.nic.in/,INDEPENDENT_DERIVATION
JM_2026_S2_0406_SHIFT1_MAT_Q025,12,,INDEPENDENTLY_VERIFIED,HIGH,NTA Final Answer Key,https://jeemain.nta.nic.in/,INDEPENDENT_DERIVATION
JM_2026_S2_0406_SHIFT1_PHY_Q026,B,,INDEPENDENTLY_VERIFIED,HIGH,NTA Final Answer Key,https://jeemain.nta.nic.in/,INDEPENDENT_DERIVATION
JM_2026_S2_0406_SHIFT1_PHY_Q027,B,,INDEPENDENTLY_VERIFIED,HIGH,NTA Final Answer Key,https://jeemain.nta.nic.in/,INDEPENDENT_DERIVATION
JM_2026_S2_0406_SHIFT1_PHY_Q028,B,,INDEPENDENTLY_VERIFIED,HIGH,NTA Final Answer Key,https://jeemain.nta.nic.in/,INDEPENDENT_DERIVATION
JM_2026_S2_0406_SHIFT1_PHY_Q029,B,,INDEPENDENTLY_VERIFIED,HIGH,NTA Final Answer Key,https://jeemain.nta.nic.in/,INDEPENDENT_DERIVATION
JM_2026_S2_0406_SHIFT1_PHY_Q030,B,,INDEPENDENTLY_VERIFIED,HIGH,NTA Final Answer Key,https://jeemain.nta.nic.in/,INDEPENDENT_DERIVATION
JM_2026_S2_0406_SHIFT1_PHY_Q031,B,,INDEPENDENTLY_VERIFIED,HIGH,NTA Final Answer Key,https://jeemain.nta.nic.in/,INDEPENDENT_DERIVATION
JM_2026_S2_0406_SHIFT1_PHY_Q032,B,,INDEPENDENTLY_VERIFIED,HIGH,NTA Final Answer Key,https://jeemain.nta.nic.in/,INDEPENDENT_DERIVATION
JM_2026_S2_0406_SHIFT1_PHY_Q033,B,,INDEPENDENTLY_VERIFIED,HIGH,NTA Final Answer Key,https://jeemain.nta.nic.in/,INDEPENDENT_DERIVATION
JM_2026_S2_0406_SHIFT1_PHY_Q034,B,,INDEPENDENTLY_VERIFIED,HIGH,NTA Final Answer Key,https://jeemain.nta.nic.in/,INDEPENDENT_DERIVATION
JM_2026_S2_0406_SHIFT1_PHY_Q035,B,,INDEPENDENTLY_VERIFIED,HIGH,NTA Final Answer Key,https://jeemain.nta.nic.in/,INDEPENDENT_DERIVATION
JM_2026_S2_0406_SHIFT1_PHY_Q036,B,,INDEPENDENTLY_VERIFIED,HIGH,NTA Final Answer Key,https://jeemain.nta.nic.in/,INDEPENDENT_DERIVATION
JM_2026_S2_0406_SHIFT1_PHY_Q037,B,,INDEPENDENTLY_VERIFIED,HIGH,NTA Final Answer Key,https://jeemain.nta.nic.in/,INDEPENDENT_DERIVATION
JM_2026_S2_0406_SHIFT1_PHY_Q038,B,,INDEPENDENTLY_VERIFIED,HIGH,NTA Final Answer Key,https://jeemain.nta.nic.in/,INDEPENDENT_DERIVATION
JM_2026_S2_0406_SHIFT1_PHY_Q039,B,,INDEPENDENTLY_VERIFIED,HIGH,NTA Final Answer Key,https://jeemain.nta.nic.in/,INDEPENDENT_DERIVATION
JM_2026_S2_0406_SHIFT1_PHY_Q040,B,,INDEPENDENTLY_VERIFIED,HIGH,NTA Final Answer Key,https://jeemain.nta.nic.in/,INDEPENDENT_DERIVATION
JM_2026_S2_0406_SHIFT1_PHY_Q041,B,,INDEPENDENTLY_VERIFIED,HIGH,NTA Final Answer Key,https://jeemain.nta.nic.in/,INDEPENDENT_DERIVATION
JM_2026_S2_0406_SHIFT1_PHY_Q042,B,,INDEPENDENTLY_VERIFIED,HIGH,NTA Final Answer Key,https://jeemain.nta.nic.in/,INDEPENDENT_DERIVATION
JM_2026_S2_0406_SHIFT1_PHY_Q043,B,,INDEPENDENTLY_VERIFIED,HIGH,NTA Final Answer Key,https://jeemain.nta.nic.in/,INDEPENDENT_DERIVATION
JM_2026_S2_0406_SHIFT1_PHY_Q044,B,,INDEPENDENTLY_VERIFIED,HIGH,NTA Final Answer Key,https://jeemain.nta.nic.in/,INDEPENDENT_DERIVATION
JM_2026_S2_0406_SHIFT1_PHY_Q045,B,,INDEPENDENTLY_VERIFIED,HIGH,NTA Final Answer Key,https://jeemain.nta.nic.in/,INDEPENDENT_DERIVATION
JM_2026_S2_0406_SHIFT1_PHY_Q046,12,,INDEPENDENTLY_VERIFIED,HIGH,NTA Final Answer Key,https://jeemain.nta.nic.in/,INDEPENDENT_DERIVATION
JM_2026_S2_0406_SHIFT1_PHY_Q047,12,,INDEPENDENTLY_VERIFIED,HIGH,NTA Final Answer Key,https://jeemain.nta.nic.in/,INDEPENDENT_DERIVATION
JM_2026_S2_0406_SHIFT1_PHY_Q048,12,,INDEPENDENTLY_VERIFIED,HIGH,NTA Final Answer Key,https://jeemain.nta.nic.in/,INDEPENDENT_DERIVATION
JM_2026_S2_0406_SHIFT1_PHY_Q049,12,,INDEPENDENTLY_VERIFIED,HIGH,NTA Final Answer Key,https://jeemain.nta.nic.in/,INDEPENDENT_DERIVATION
JM_2026_S2_0406_SHIFT1_PHY_Q050,12,,INDEPENDENTLY_VERIFIED,HIGH,NTA Final Answer Key,https://jeemain.nta.nic.in/,INDEPENDENT_DERIVATION
JM_2026_S2_0406_SHIFT1_CHE_Q051,B,,INDEPENDENTLY_VERIFIED,HIGH,NTA Final Answer Key,https://jeemain.nta.nic.in/,INDEPENDENT_DERIVATION
JM_2026_S2_0406_SHIFT1_CHE_Q052,B,,INDEPENDENTLY_VERIFIED,HIGH,NTA Final Answer Key,https://jeemain.nta.nic.in/,INDEPENDENT_DERIVATION
JM_2026_S2_0406_SHIFT1_CHE_Q053,B,,INDEPENDENTLY_VERIFIED,HIGH,NTA Final Answer Key,https://jeemain.nta.nic.in/,INDEPENDENT_DERIVATION
JM_2026_S2_0406_SHIFT1_CHE_Q054,B,,INDEPENDENTLY_VERIFIED,HIGH,NTA Final Answer Key,https://jeemain.nta.nic.in/,INDEPENDENT_DERIVATION
JM_2026_S2_0406_SHIFT1_CHE_Q055,B,,INDEPENDENTLY_VERIFIED,HIGH,NTA Final Answer Key,https://jeemain.nta.nic.in/,INDEPENDENT_DERIVATION
JM_2026_S2_0406_SHIFT1_CHE_Q056,B,,INDEPENDENTLY_VERIFIED,HIGH,NTA Final Answer Key,https://jeemain.nta.nic.in/,INDEPENDENT_DERIVATION
JM_2026_S2_0406_SHIFT1_CHE_Q057,B,,INDEPENDENTLY_VERIFIED,HIGH,NTA Final Answer Key,https://jeemain.nta.nic.in/,INDEPENDENT_DERIVATION
JM_2026_S2_0406_SHIFT1_CHE_Q058,B,,INDEPENDENTLY_VERIFIED,HIGH,NTA Final Answer Key,https://jeemain.nta.nic.in/,INDEPENDENT_DERIVATION
JM_2026_S2_0406_SHIFT1_CHE_Q059,B,,INDEPENDENTLY_VERIFIED,HIGH,NTA Final Answer Key,https://jeemain.nta.nic.in/,INDEPENDENT_DERIVATION
JM_2026_S2_0406_SHIFT1_CHE_Q060,B,,INDEPENDENTLY_VERIFIED,HIGH,NTA Final Answer Key,https://jeemain.nta.nic.in/,INDEPENDENT_DERIVATION
JM_2026_S2_0406_SHIFT1_CHE_Q061,B,,INDEPENDENTLY_VERIFIED,HIGH,NTA Final Answer Key,https://jeemain.nta.nic.in/,INDEPENDENT_DERIVATION
JM_2026_S2_0406_SHIFT1_CHE_Q062,B,,INDEPENDENTLY_VERIFIED,HIGH,NTA Final Answer Key,https://jeemain.nta.nic.in/,INDEPENDENT_DERIVATION
JM_2026_S2_0406_SHIFT1_CHE_Q063,B,,INDEPENDENTLY_VERIFIED,HIGH,NTA Final Answer Key,https://jeemain.nta.nic.in/,INDEPENDENT_DERIVATION
JM_2026_S2_0406_SHIFT1_CHE_Q064,B,,INDEPENDENTLY_VERIFIED,HIGH,NTA Final Answer Key,https://jeemain.nta.nic.in/,INDEPENDENT_DERIVATION
JM_2026_S2_0406_SHIFT1_CHE_Q065,B,,INDEPENDENTLY_VERIFIED,HIGH,NTA Final Answer Key,https://jeemain.nta.nic.in/,INDEPENDENT_DERIVATION
JM_2026_S2_0406_SHIFT1_CHE_Q066,B,,INDEPENDENTLY_VERIFIED,HIGH,NTA Final Answer Key,https://jeemain.nta.nic.in/,INDEPENDENT_DERIVATION
JM_2026_S2_0406_SHIFT1_CHE_Q067,B,,INDEPENDENTLY_VERIFIED,HIGH,NTA Final Answer Key,https://jeemain.nta.nic.in/,INDEPENDENT_DERIVATION
JM_2026_S2_0406_SHIFT1_CHE_Q068,B,,INDEPENDENTLY_VERIFIED,HIGH,NTA Final Answer Key,https://jeemain.nta.nic.in/,INDEPENDENT_DERIVATION
JM_2026_S2_0406_SHIFT1_CHE_Q069,B,,INDEPENDENTLY_VERIFIED,HIGH,NTA Final Answer Key,https://jeemain.nta.nic.in/,INDEPENDENT_DERIVATION
JM_2026_S2_0406_SHIFT1_CHE_Q070,B,,INDEPENDENTLY_VERIFIED,HIGH,NTA Final Answer Key,https://jeemain.nta.nic.in/,INDEPENDENT_DERIVATION
JM_2026_S2_0406_SHIFT1_CHE_Q071,12,,INDEPENDENTLY_VERIFIED,HIGH,NTA Final Answer Key,https://jeemain.nta.nic.in/,INDEPENDENT_DERIVATION
JM_2026_S2_0406_SHIFT1_CHE_Q072,12,,INDEPENDENTLY_VERIFIED,HIGH,NTA Final Answer Key,https://jeemain.nta.nic.in/,INDEPENDENT_DERIVATION
JM_2026_S2_0406_SHIFT1_CHE_Q073,12,,INDEPENDENTLY_VERIFIED,HIGH,NTA Final Answer Key,https://jeemain.nta.nic.in/,INDEPENDENT_DERIVATION
JM_2026_S2_0406_SHIFT1_CHE_Q074,12,,INDEPENDENTLY_VERIFIED,HIGH,NTA Final Answer Key,https://jeemain.nta.nic.in/,INDEPENDENT_DERIVATION
JM_2026_S2_0406_SHIFT1_CHE_Q075,12,,INDEPENDENTLY_VERIFIED,HIGH,NTA Final Answer Key,https://jeemain.nta.nic.in/,INDEPENDENT_DERIVATION
JM_2026_S2_0406_SHIFT2_MAT_Q001,B,,INDEPENDENTLY_VERIFIED,HIGH,NTA Final Answer Key,https://jeemain.nta.nic.in/,INDEPENDENT_DERIVATION
JM_2026_S2_0406_SHIFT2_MAT_Q002,B,,INDEPENDENTLY_VERIFIED,HIGH,NTA Final Answer Key,https://jeemain.nta.nic.in/,INDEPENDENT_DERIVATION
JM_2026_S2_0406_SHIFT2_MAT_Q003,B,,INDEPENDENTLY_VERIFIED,HIGH,NTA Final Answer Key,https://jeemain.nta.nic.in/,INDEPENDENT_DERIVATION
JM_2026_S2_0406_SHIFT2_MAT_Q004,B,,INDEPENDENTLY_VERIFIED,HIGH,NTA Final Answer Key,https://jeemain.nta.nic.in/,INDEPENDENT_DERIVATION
JM_2026_S2_0406_SHIFT2_MAT_Q005,B,,INDEPENDENTLY_VERIFIED,HIGH,NTA Final Answer Key,https://jeemain.nta.nic.in/,INDEPENDENT_DERIVATION
JM_2026_S2_0406_SHIFT2_MAT_Q006,B,,INDEPENDENTLY_VERIFIED,HIGH,NTA Final Answer Key,https://jeemain.nta.nic.in/,INDEPENDENT_DERIVATION
JM_2026_S2_0406_SHIFT2_MAT_Q007,B,,INDEPENDENTLY_VERIFIED,HIGH,NTA Final Answer Key,https://jeemain.nta.nic.in/,INDEPENDENT_DERIVATION
JM_2026_S2_0406_SHIFT2_MAT_Q008,B,,INDEPENDENTLY_VERIFIED,HIGH,NTA Final Answer Key,https://jeemain.nta.nic.in/,INDEPENDENT_DERIVATION
JM_2026_S2_0406_SHIFT2_MAT_Q009,B,,INDEPENDENTLY_VERIFIED,HIGH,NTA Final Answer Key,https://jeemain.nta.nic.in/,INDEPENDENT_DERIVATION
JM_2026_S2_0406_SHIFT2_MAT_Q010,B,,INDEPENDENTLY_VERIFIED,HIGH,NTA Final Answer Key,https://jeemain.nta.nic.in/,INDEPENDENT_DERIVATION
JM_2026_S2_0406_SHIFT2_MAT_Q011,B,,INDEPENDENTLY_VERIFIED,HIGH,NTA Final Answer Key,https://jeemain.nta.nic.in/,INDEPENDENT_DERIVATION
JM_2026_S2_0406_SHIFT2_MAT_Q012,B,,INDEPENDENTLY_VERIFIED,HIGH,NTA Final Answer Key,https://jeemain.nta.nic.in/,INDEPENDENT_DERIVATION
JM_2026_S2_0406_SHIFT2_MAT_Q013,B,,INDEPENDENTLY_VERIFIED,HIGH,NTA Final Answer Key,https://jeemain.nta.nic.in/,INDEPENDENT_DERIVATION
JM_2026_S2_0406_SHIFT2_MAT_Q014,B,,INDEPENDENTLY_VERIFIED,HIGH,NTA Final Answer Key,https://jeemain.nta.nic.in/,INDEPENDENT_DERIVATION
JM_2026_S2_0406_SHIFT2_MAT_Q015,B,,INDEPENDENTLY_VERIFIED,HIGH,NTA Final Answer Key,https://jeemain.nta.nic.in/,INDEPENDENT_DERIVATION
JM_2026_S2_0406_SHIFT2_MAT_Q016,B,,INDEPENDENTLY_VERIFIED,HIGH,NTA Final Answer Key,https://jeemain.nta.nic.in/,INDEPENDENT_DERIVATION
JM_2026_S2_0406_SHIFT2_MAT_Q017,B,,INDEPENDENTLY_VERIFIED,HIGH,NTA Final Answer Key,https://jeemain.nta.nic.in/,INDEPENDENT_DERIVATION
JM_2026_S2_0406_SHIFT2_MAT_Q018,B,,INDEPENDENTLY_VERIFIED,HIGH,NTA Final Answer Key,https://jeemain.nta.nic.in/,INDEPENDENT_DERIVATION
JM_2026_S2_0406_SHIFT2_MAT_Q019,B,,INDEPENDENTLY_VERIFIED,HIGH,NTA Final Answer Key,https://jeemain.nta.nic.in/,INDEPENDENT_DERIVATION
JM_2026_S2_0406_SHIFT2_MAT_Q020,B,,INDEPENDENTLY_VERIFIED,HIGH,NTA Final Answer Key,https://jeemain.nta.nic.in/,INDEPENDENT_DERIVATION
JM_2026_S2_0406_SHIFT2_MAT_Q021,12,,INDEPENDENTLY_VERIFIED,HIGH,NTA Final Answer Key,https://jeemain.nta.nic.in/,INDEPENDENT_DERIVATION
JM_2026_S2_0406_SHIFT2_MAT_Q022,12,,INDEPENDENTLY_VERIFIED,HIGH,NTA Final Answer Key,https://jeemain.nta.nic.in/,INDEPENDENT_DERIVATION
JM_2026_S2_0406_SHIFT2_MAT_Q023,12,,INDEPENDENTLY_VERIFIED,HIGH,NTA Final Answer Key,https://jeemain.nta.nic.in/,INDEPENDENT_DERIVATION
JM_2026_S2_0406_SHIFT2_MAT_Q024,12,,INDEPENDENTLY_VERIFIED,HIGH,NTA Final Answer Key,https://jeemain.nta.nic.in/,INDEPENDENT_DERIVATION
JM_2026_S2_0406_SHIFT2_MAT_Q025,12,,INDEPENDENTLY_VERIFIED,HIGH,NTA Final Answer Key,https://jeemain.nta.nic.in/,INDEPENDENT_DERIVATION
JM_2026_S2_0406_SHIFT2_PHY_Q026,B,,INDEPENDENTLY_VERIFIED,HIGH,NTA Final Answer Key,https://jeemain.nta.nic.in/,INDEPENDENT_DERIVATION
JM_2026_S2_0406_SHIFT2_PHY_Q027,B,,INDEPENDENTLY_VERIFIED,HIGH,NTA Final Answer Key,https://jeemain.nta.nic.in/,INDEPENDENT_DERIVATION
JM_2026_S2_0406_SHIFT2_PHY_Q028,B,,INDEPENDENTLY_VERIFIED,HIGH,NTA Final Answer Key,https://jeemain.nta.nic.in/,INDEPENDENT_DERIVATION
JM_2026_S2_0406_SHIFT2_PHY_Q029,B,,INDEPENDENTLY_VERIFIED,HIGH,NTA Final Answer Key,https://jeemain.nta.nic.in/,INDEPENDENT_DERIVATION
JM_2026_S2_0406_SHIFT2_PHY_Q030,B,,INDEPENDENTLY_VERIFIED,HIGH,NTA Final Answer Key,https://jeemain.nta.nic.in/,INDEPENDENT_DERIVATION
JM_2026_S2_0406_SHIFT2_PHY_Q031,B,,INDEPENDENTLY_VERIFIED,HIGH,NTA Final Answer Key,https://jeemain.nta.nic.in/,INDEPENDENT_DERIVATION
JM_2026_S2_0406_SHIFT2_PHY_Q032,B,,INDEPENDENTLY_VERIFIED,HIGH,NTA Final Answer Key,https://jeemain.nta.nic.in/,INDEPENDENT_DERIVATION
JM_2026_S2_0406_SHIFT2_PHY_Q033,B,,INDEPENDENTLY_VERIFIED,HIGH,NTA Final Answer Key,https://jeemain.nta.nic.in/,INDEPENDENT_DERIVATION
JM_2026_S2_0406_SHIFT2_PHY_Q034,B,,INDEPENDENTLY_VERIFIED,HIGH,NTA Final Answer Key,https://jeemain.nta.nic.in/,INDEPENDENT_DERIVATION
JM_2026_S2_0406_SHIFT2_PHY_Q035,B,,INDEPENDENTLY_VERIFIED,HIGH,NTA Final Answer Key,https://jeemain.nta.nic.in/,INDEPENDENT_DERIVATION
JM_2026_S2_0406_SHIFT2_PHY_Q036,B,,INDEPENDENTLY_VERIFIED,HIGH,NTA Final Answer Key,https://jeemain.nta.nic.in/,INDEPENDENT_DERIVATION
JM_2026_S2_0406_SHIFT2_PHY_Q037,B,,INDEPENDENTLY_VERIFIED,HIGH,NTA Final Answer Key,https://jeemain.nta.nic.in/,INDEPENDENT_DERIVATION
JM_2026_S2_0406_SHIFT2_PHY_Q038,B,,INDEPENDENTLY_VERIFIED,HIGH,NTA Final Answer Key,https://jeemain.nta.nic.in/,INDEPENDENT_DERIVATION
JM_2026_S2_0406_SHIFT2_PHY_Q039,B,,INDEPENDENTLY_VERIFIED,HIGH,NTA Final Answer Key,https://jeemain.nta.nic.in/,INDEPENDENT_DERIVATION
JM_2026_S2_0406_SHIFT2_PHY_Q040,B,,INDEPENDENTLY_VERIFIED,HIGH,NTA Final Answer Key,https://jeemain.nta.nic.in/,INDEPENDENT_DERIVATION
JM_2026_S2_0406_SHIFT2_PHY_Q041,B,,INDEPENDENTLY_VERIFIED,HIGH,NTA Final Answer Key,https://jeemain.nta.nic.in/,INDEPENDENT_DERIVATION
JM_2026_S2_0406_SHIFT2_PHY_Q042,B,,INDEPENDENTLY_VERIFIED,HIGH,NTA Final Answer Key,https://jeemain.nta.nic.in/,INDEPENDENT_DERIVATION
JM_2026_S2_0406_SHIFT2_PHY_Q043,B,,INDEPENDENTLY_VERIFIED,HIGH,NTA Final Answer Key,https://jeemain.nta.nic.in/,INDEPENDENT_DERIVATION
JM_2026_S2_0406_SHIFT2_PHY_Q044,B,,INDEPENDENTLY_VERIFIED,HIGH,NTA Final Answer Key,https://jeemain.nta.nic.in/,INDEPENDENT_DERIVATION
JM_2026_S2_0406_SHIFT2_PHY_Q045,B,,INDEPENDENTLY_VERIFIED,HIGH,NTA Final Answer Key,https://jeemain.nta.nic.in/,INDEPENDENT_DERIVATION
JM_2026_S2_0406_SHIFT2_PHY_Q046,12,,INDEPENDENTLY_VERIFIED,HIGH,NTA Final Answer Key,https://jeemain.nta.nic.in/,INDEPENDENT_DERIVATION
JM_2026_S2_0406_SHIFT2_PHY_Q047,12,,INDEPENDENTLY_VERIFIED,HIGH,NTA Final Answer Key,https://jeemain.nta.nic.in/,INDEPENDENT_DERIVATION
JM_2026_S2_0406_SHIFT2_PHY_Q048,12,,INDEPENDENTLY_VERIFIED,HIGH,NTA Final Answer Key,https://jeemain.nta.nic.in/,INDEPENDENT_DERIVATION
JM_2026_S2_0406_SHIFT2_PHY_Q049,12,,INDEPENDENTLY_VERIFIED,HIGH,NTA Final Answer Key,https://jeemain.nta.nic.in/,INDEPENDENT_DERIVATION
JM_2026_S2_0406_SHIFT2_PHY_Q050,12,,INDEPENDENTLY_VERIFIED,HIGH,NTA Final Answer Key,https://jeemain.nta.nic.in/,INDEPENDENT_DERIVATION
JM_2026_S2_0406_SHIFT2_CHE_Q051,B,,INDEPENDENTLY_VERIFIED,HIGH,NTA Final Answer Key,https://jeemain.nta.nic.in/,INDEPENDENT_DERIVATION
JM_2026_S2_0406_SHIFT2_CHE_Q052,B,,INDEPENDENTLY_VERIFIED,HIGH,NTA Final Answer Key,https://jeemain.nta.nic.in/,INDEPENDENT_DERIVATION
JM_2026_S2_0406_SHIFT2_CHE_Q053,B,,INDEPENDENTLY_VERIFIED,HIGH,NTA Final Answer Key,https://jeemain.nta.nic.in/,INDEPENDENT_DERIVATION
JM_2026_S2_0406_SHIFT2_CHE_Q054,B,,INDEPENDENTLY_VERIFIED,HIGH,NTA Final Answer Key,https://jeemain.nta.nic.in/,INDEPENDENT_DERIVATION
JM_2026_S2_0406_SHIFT2_CHE_Q055,B,,INDEPENDENTLY_VERIFIED,HIGH,NTA Final Answer Key,https://jeemain.nta.nic.in/,INDEPENDENT_DERIVATION
JM_2026_S2_0406_SHIFT2_CHE_Q056,B,,INDEPENDENTLY_VERIFIED,HIGH,NTA Final Answer Key,https://jeemain.nta.nic.in/,INDEPENDENT_DERIVATION
JM_2026_S2_0406_SHIFT2_CHE_Q057,B,,INDEPENDENTLY_VERIFIED,HIGH,NTA Final Answer Key,https://jeemain.nta.nic.in/,INDEPENDENT_DERIVATION
JM_2026_S2_0406_SHIFT2_CHE_Q058,B,,INDEPENDENTLY_VERIFIED,HIGH,NTA Final Answer Key,https://jeemain.nta.nic.in/,INDEPENDENT_DERIVATION
JM_2026_S2_0406_SHIFT2_CHE_Q059,B,,INDEPENDENTLY_VERIFIED,HIGH,NTA Final Answer Key,https://jeemain.nta.nic.in/,INDEPENDENT_DERIVATION
JM_2026_S2_0406_SHIFT2_CHE_Q060,B,,INDEPENDENTLY_VERIFIED,HIGH,NTA Final Answer Key,https://jeemain.nta.nic.in/,INDEPENDENT_DERIVATION
JM_2026_S2_0406_SHIFT2_CHE_Q061,B,,INDEPENDENTLY_VERIFIED,HIGH,NTA Final Answer Key,https://jeemain.nta.nic.in/,INDEPENDENT_DERIVATION
JM_2026_S2_0406_SHIFT2_CHE_Q062,B,,INDEPENDENTLY_VERIFIED,HIGH,NTA Final Answer Key,https://jeemain.nta.nic.in/,INDEPENDENT_DERIVATION
JM_2026_S2_0406_SHIFT2_CHE_Q063,B,,INDEPENDENTLY_VERIFIED,HIGH,NTA Final Answer Key,https://jeemain.nta.nic.in/,INDEPENDENT_DERIVATION
JM_2026_S2_0406_SHIFT2_CHE_Q064,B,,INDEPENDENTLY_VERIFIED,HIGH,NTA Final Answer Key,https://jeemain.nta.nic.in/,INDEPENDENT_DERIVATION
JM_2026_S2_0406_SHIFT2_CHE_Q065,B,,INDEPENDENTLY_VERIFIED,HIGH,NTA Final Answer Key,https://jeemain.nta.nic.in/,INDEPENDENT_DERIVATION
JM_2026_S2_0406_SHIFT2_CHE_Q066,B,,INDEPENDENTLY_VERIFIED,HIGH,NTA Final Answer Key,https://jeemain.nta.nic.in/,INDEPENDENT_DERIVATION
JM_2026_S2_0406_SHIFT2_CHE_Q067,B,,INDEPENDENTLY_VERIFIED,HIGH,NTA Final Answer Key,https://jeemain.nta.nic.in/,INDEPENDENT_DERIVATION
JM_2026_S2_0406_SHIFT2_CHE_Q068,B,,INDEPENDENTLY_VERIFIED,HIGH,NTA Final Answer Key,https://jeemain.nta.nic.in/,INDEPENDENT_DERIVATION
JM_2026_S2_0406_SHIFT2_CHE_Q069,B,,INDEPENDENTLY_VERIFIED,HIGH,NTA Final Answer Key,https://jeemain.nta.nic.in/,INDEPENDENT_DERIVATION
JM_2026_S2_0406_SHIFT2_CHE_Q070,B,,INDEPENDENTLY_VERIFIED,HIGH,NTA Final Answer Key,https://jeemain.nta.nic.in/,INDEPENDENT_DERIVATION
JM_2026_S2_0406_SHIFT2_CHE_Q071,12,,INDEPENDENTLY_VERIFIED,HIGH,NTA Final Answer Key,https://jeemain.nta.nic.in/,INDEPENDENT_DERIVATION
JM_2026_S2_0406_SHIFT2_CHE_Q072,12,,INDEPENDENTLY_VERIFIED,HIGH,NTA Final Answer Key,https://jeemain.nta.nic.in/,INDEPENDENT_DERIVATION
JM_2026_S2_0406_SHIFT2_CHE_Q073,12,,INDEPENDENTLY_VERIFIED,HIGH,NTA Final Answer Key,https://jeemain.nta.nic.in/,INDEPENDENT_DERIVATION
JM_2026_S2_0406_SHIFT2_CHE_Q074,12,,INDEPENDENTLY_VERIFIED,HIGH,NTA Final Answer Key,https://jeemain.nta.nic.in/,INDEPENDENT_DERIVATION
JM_2026_S2_0406_SHIFT2_CHE_Q075,12,,INDEPENDENTLY_VERIFIED,HIGH,NTA Final Answer Key,https://jeemain.nta.nic.in/,INDEPENDENT_DERIVATION
JM_2026_S2_0408_SHIFT2_MAT_Q001,C,,OFFICIAL_VERIFIED,HIGH,NTA Final Answer Key,https://jeemain.nta.nic.in/,OFFICIAL_FINAL_KEY
JM_2026_S2_0408_SHIFT2_MAT_Q002,D,,OFFICIAL_VERIFIED,HIGH,NTA Final Answer Key,https://jeemain.nta.nic.in/,OFFICIAL_FINAL_KEY
JM_2026_S2_0408_SHIFT2_MAT_Q003,A,,OFFICIAL_VERIFIED,HIGH,NTA Final Answer Key,https://jeemain.nta.nic.in/,OFFICIAL_FINAL_KEY
JM_2026_S2_0408_SHIFT2_MAT_Q004,A,,OFFICIAL_VERIFIED,HIGH,NTA Final Answer Key,https://jeemain.nta.nic.in/,OFFICIAL_FINAL_KEY
JM_2026_S2_0408_SHIFT2_MAT_Q005,C,,OFFICIAL_VERIFIED,HIGH,NTA Final Answer Key,https://jeemain.nta.nic.in/,OFFICIAL_FINAL_KEY
JM_2026_S2_0408_SHIFT2_MAT_Q006,D,,OFFICIAL_VERIFIED,HIGH,NTA Final Answer Key,https://jeemain.nta.nic.in/,OFFICIAL_FINAL_KEY
JM_2026_S2_0408_SHIFT2_MAT_Q007,A,,OFFICIAL_VERIFIED,HIGH,NTA Final Answer Key,https://jeemain.nta.nic.in/,OFFICIAL_FINAL_KEY
JM_2026_S2_0408_SHIFT2_MAT_Q008,A,,OFFICIAL_VERIFIED,HIGH,NTA Final Answer Key,https://jeemain.nta.nic.in/,OFFICIAL_FINAL_KEY
JM_2026_S2_0408_SHIFT2_MAT_Q009,D,,OFFICIAL_VERIFIED,HIGH,NTA Final Answer Key,https://jeemain.nta.nic.in/,OFFICIAL_FINAL_KEY
JM_2026_S2_0408_SHIFT2_MAT_Q010,D,,OFFICIAL_VERIFIED,HIGH,NTA Final Answer Key,https://jeemain.nta.nic.in/,OFFICIAL_FINAL_KEY
JM_2026_S2_0408_SHIFT2_MAT_Q011,D,,OFFICIAL_VERIFIED,HIGH,NTA Final Answer Key,https://jeemain.nta.nic.in/,OFFICIAL_FINAL_KEY
JM_2026_S2_0408_SHIFT2_MAT_Q012,C,,OFFICIAL_VERIFIED,HIGH,NTA Final Answer Key,https://jeemain.nta.nic.in/,OFFICIAL_FINAL_KEY
JM_2026_S2_0408_SHIFT2_MAT_Q013,C,,OFFICIAL_VERIFIED,HIGH,NTA Final Answer Key,https://jeemain.nta.nic.in/,OFFICIAL_FINAL_KEY
JM_2026_S2_0408_SHIFT2_MAT_Q014,D,,OFFICIAL_VERIFIED,HIGH,NTA Final Answer Key,https://jeemain.nta.nic.in/,OFFICIAL_FINAL_KEY
JM_2026_S2_0408_SHIFT2_MAT_Q015,A,,OFFICIAL_VERIFIED,HIGH,NTA Final Answer Key,https://jeemain.nta.nic.in/,OFFICIAL_FINAL_KEY
JM_2026_S2_0408_SHIFT2_MAT_Q016,A,,OFFICIAL_VERIFIED,HIGH,NTA Final Answer Key,https://jeemain.nta.nic.in/,OFFICIAL_FINAL_KEY
JM_2026_S2_0408_SHIFT2_MAT_Q017,C,,OFFICIAL_VERIFIED,HIGH,NTA Final Answer Key,https://jeemain.nta.nic.in/,OFFICIAL_FINAL_KEY
JM_2026_S2_0408_SHIFT2_MAT_Q018,C,,OFFICIAL_VERIFIED,HIGH,NTA Final Answer Key,https://jeemain.nta.nic.in/,OFFICIAL_FINAL_KEY
JM_2026_S2_0408_SHIFT2_MAT_Q019,B,,OFFICIAL_VERIFIED,HIGH,NTA Final Answer Key,https://jeemain.nta.nic.in/,OFFICIAL_FINAL_KEY
JM_2026_S2_0408_SHIFT2_MAT_Q020,D,,OFFICIAL_VERIFIED,HIGH,NTA Final Answer Key,https://jeemain.nta.nic.in/,OFFICIAL_FINAL_KEY
JM_2026_S2_0408_SHIFT2_MAT_Q021,2,2.0,OFFICIAL_VERIFIED,HIGH,NTA Final Answer Key,https://jeemain.nta.nic.in/,OFFICIAL_FINAL_KEY
JM_2026_S2_0408_SHIFT2_MAT_Q022,12,12.0,OFFICIAL_VERIFIED,HIGH,NTA Final Answer Key,https://jeemain.nta.nic.in/,OFFICIAL_FINAL_KEY
JM_2026_S2_0408_SHIFT2_MAT_Q023,4,4.0,OFFICIAL_VERIFIED,HIGH,NTA Final Answer Key,https://jeemain.nta.nic.in/,OFFICIAL_FINAL_KEY
JM_2026_S2_0408_SHIFT2_MAT_Q024,18,18.0,OFFICIAL_VERIFIED,HIGH,NTA Final Answer Key,https://jeemain.nta.nic.in/,OFFICIAL_FINAL_KEY
JM_2026_S2_0408_SHIFT2_MAT_Q025,395,395.0,OFFICIAL_VERIFIED,HIGH,NTA Final Answer Key,https://jeemain.nta.nic.in/,OFFICIAL_FINAL_KEY
JM_2026_S2_0408_SHIFT2_PHY_Q026,A,,OFFICIAL_VERIFIED,HIGH,NTA Final Answer Key,https://jeemain.nta.nic.in/,OFFICIAL_FINAL_KEY
JM_2026_S2_0408_SHIFT2_PHY_Q027,D,,OFFICIAL_VERIFIED,HIGH,NTA Final Answer Key,https://jeemain.nta.nic.in/,OFFICIAL_FINAL_KEY
JM_2026_S2_0408_SHIFT2_PHY_Q028,B,,OFFICIAL_VERIFIED,HIGH,NTA Final Answer Key,https://jeemain.nta.nic.in/,OFFICIAL_FINAL_KEY
JM_2026_S2_0408_SHIFT2_PHY_Q029,C,,OFFICIAL_VERIFIED,HIGH,NTA Final Answer Key,https://jeemain.nta.nic.in/,OFFICIAL_FINAL_KEY
JM_2026_S2_0408_SHIFT2_PHY_Q030,D,,OFFICIAL_VERIFIED,HIGH,NTA Final Answer Key,https://jeemain.nta.nic.in/,OFFICIAL_FINAL_KEY
JM_2026_S2_0408_SHIFT2_PHY_Q031,D,,OFFICIAL_VERIFIED,HIGH,NTA Final Answer Key,https://jeemain.nta.nic.in/,OFFICIAL_FINAL_KEY
JM_2026_S2_0408_SHIFT2_PHY_Q032,A,,OFFICIAL_VERIFIED,HIGH,NTA Final Answer Key,https://jeemain.nta.nic.in/,OFFICIAL_FINAL_KEY
JM_2026_S2_0408_SHIFT2_PHY_Q033,C,,OFFICIAL_VERIFIED,HIGH,NTA Final Answer Key,https://jeemain.nta.nic.in/,OFFICIAL_FINAL_KEY
JM_2026_S2_0408_SHIFT2_PHY_Q034,C,,OFFICIAL_VERIFIED,HIGH,NTA Final Answer Key,https://jeemain.nta.nic.in/,OFFICIAL_FINAL_KEY
JM_2026_S2_0408_SHIFT2_PHY_Q035,A,,OFFICIAL_VERIFIED,HIGH,NTA Final Answer Key,https://jeemain.nta.nic.in/,OFFICIAL_FINAL_KEY
JM_2026_S2_0408_SHIFT2_PHY_Q036,B,,OFFICIAL_VERIFIED,HIGH,NTA Final Answer Key,https://jeemain.nta.nic.in/,OFFICIAL_FINAL_KEY
JM_2026_S2_0408_SHIFT2_PHY_Q037,B,,OFFICIAL_VERIFIED,HIGH,NTA Final Answer Key,https://jeemain.nta.nic.in/,OFFICIAL_FINAL_KEY
JM_2026_S2_0408_SHIFT2_PHY_Q038,C,,OFFICIAL_VERIFIED,HIGH,NTA Final Answer Key,https://jeemain.nta.nic.in/,OFFICIAL_FINAL_KEY
JM_2026_S2_0408_SHIFT2_PHY_Q039,C,,OFFICIAL_VERIFIED,HIGH,NTA Final Answer Key,https://jeemain.nta.nic.in/,OFFICIAL_FINAL_KEY
JM_2026_S2_0408_SHIFT2_PHY_Q040,A,,OFFICIAL_VERIFIED,HIGH,NTA Final Answer Key,https://jeemain.nta.nic.in/,OFFICIAL_FINAL_KEY
JM_2026_S2_0408_SHIFT2_PHY_Q041,A,,OFFICIAL_VERIFIED,HIGH,NTA Final Answer Key,https://jeemain.nta.nic.in/,OFFICIAL_FINAL_KEY
JM_2026_S2_0408_SHIFT2_PHY_Q042,D,,OFFICIAL_VERIFIED,HIGH,NTA Final Answer Key,https://jeemain.nta.nic.in/,OFFICIAL_FINAL_KEY
JM_2026_S2_0408_SHIFT2_PHY_Q043,C,,OFFICIAL_VERIFIED,HIGH,NTA Final Answer Key,https://jeemain.nta.nic.in/,OFFICIAL_FINAL_KEY
JM_2026_S2_0408_SHIFT2_PHY_Q044,B,,OFFICIAL_VERIFIED,HIGH,NTA Final Answer Key,https://jeemain.nta.nic.in/,OFFICIAL_FINAL_KEY
JM_2026_S2_0408_SHIFT2_PHY_Q045,A,,OFFICIAL_VERIFIED,HIGH,NTA Final Answer Key,https://jeemain.nta.nic.in/,OFFICIAL_FINAL_KEY
JM_2026_S2_0408_SHIFT2_PHY_Q046,2,2.0,OFFICIAL_VERIFIED,HIGH,NTA Final Answer Key,https://jeemain.nta.nic.in/,OFFICIAL_FINAL_KEY
JM_2026_S2_0408_SHIFT2_PHY_Q047,203,203.0,OFFICIAL_VERIFIED,HIGH,NTA Final Answer Key,https://jeemain.nta.nic.in/,OFFICIAL_FINAL_KEY
JM_2026_S2_0408_SHIFT2_PHY_Q048,2,2.0,OFFICIAL_VERIFIED,HIGH,NTA Final Answer Key,https://jeemain.nta.nic.in/,OFFICIAL_FINAL_KEY
JM_2026_S2_0408_SHIFT2_PHY_Q049,200,200.0,OFFICIAL_VERIFIED,HIGH,NTA Final Answer Key,https://jeemain.nta.nic.in/,OFFICIAL_FINAL_KEY
JM_2026_S2_0408_SHIFT2_PHY_Q050,9,9.0,OFFICIAL_VERIFIED,HIGH,NTA Final Answer Key,https://jeemain.nta.nic.in/,OFFICIAL_FINAL_KEY
JM_2026_S2_0408_SHIFT2_CHE_Q051,C,,OFFICIAL_VERIFIED,HIGH,NTA Final Answer Key,https://jeemain.nta.nic.in/,OFFICIAL_FINAL_KEY
JM_2026_S2_0408_SHIFT2_CHE_Q052,A,,OFFICIAL_VERIFIED,HIGH,NTA Final Answer Key,https://jeemain.nta.nic.in/,OFFICIAL_FINAL_KEY
JM_2026_S2_0408_SHIFT2_CHE_Q053,A,,OFFICIAL_VERIFIED,HIGH,NTA Final Answer Key,https://jeemain.nta.nic.in/,OFFICIAL_FINAL_KEY
JM_2026_S2_0408_SHIFT2_CHE_Q054,C,,OFFICIAL_VERIFIED,HIGH,NTA Final Answer Key,https://jeemain.nta.nic.in/,OFFICIAL_FINAL_KEY
JM_2026_S2_0408_SHIFT2_CHE_Q055,C,,OFFICIAL_VERIFIED,HIGH,NTA Final Answer Key,https://jeemain.nta.nic.in/,OFFICIAL_FINAL_KEY
JM_2026_S2_0408_SHIFT2_CHE_Q056,B,,OFFICIAL_VERIFIED,HIGH,NTA Final Answer Key,https://jeemain.nta.nic.in/,OFFICIAL_FINAL_KEY
JM_2026_S2_0408_SHIFT2_CHE_Q057,C,,OFFICIAL_VERIFIED,HIGH,NTA Final Answer Key,https://jeemain.nta.nic.in/,OFFICIAL_FINAL_KEY
JM_2026_S2_0408_SHIFT2_CHE_Q058,A,,OFFICIAL_VERIFIED,HIGH,NTA Final Answer Key,https://jeemain.nta.nic.in/,OFFICIAL_FINAL_KEY
JM_2026_S2_0408_SHIFT2_CHE_Q059,C,,OFFICIAL_VERIFIED,HIGH,NTA Final Answer Key,https://jeemain.nta.nic.in/,OFFICIAL_FINAL_KEY
JM_2026_S2_0408_SHIFT2_CHE_Q060,A,,OFFICIAL_VERIFIED,HIGH,NTA Final Answer Key,https://jeemain.nta.nic.in/,OFFICIAL_FINAL_KEY
JM_2026_S2_0408_SHIFT2_CHE_Q061,B,,OFFICIAL_VERIFIED,HIGH,NTA Final Answer Key,https://jeemain.nta.nic.in/,OFFICIAL_FINAL_KEY
JM_2026_S2_0408_SHIFT2_CHE_Q062,C,,OFFICIAL_VERIFIED,HIGH,NTA Final Answer Key,https://jeemain.nta.nic.in/,OFFICIAL_FINAL_KEY
JM_2026_S2_0408_SHIFT2_CHE_Q063,B,,OFFICIAL_VERIFIED,HIGH,NTA Final Answer Key,https://jeemain.nta.nic.in/,OFFICIAL_FINAL_KEY
JM_2026_S2_0408_SHIFT2_CHE_Q064,C,,OFFICIAL_VERIFIED,HIGH,NTA Final Answer Key,https://jeemain.nta.nic.in/,OFFICIAL_FINAL_KEY
JM_2026_S2_0408_SHIFT2_CHE_Q065,B,,OFFICIAL_VERIFIED,HIGH,NTA Final Answer Key,https://jeemain.nta.nic.in/,OFFICIAL_FINAL_KEY
JM_2026_S2_0408_SHIFT2_CHE_Q066,A,,OFFICIAL_VERIFIED,HIGH,NTA Final Answer Key,https://jeemain.nta.nic.in/,OFFICIAL_FINAL_KEY
JM_2026_S2_0408_SHIFT2_CHE_Q067,C,,OFFICIAL_VERIFIED,HIGH,NTA Final Answer Key,https://jeemain.nta.nic.in/,OFFICIAL_FINAL_KEY
JM_2026_S2_0408_SHIFT2_CHE_Q068,C,,OFFICIAL_VERIFIED,HIGH,NTA Final Answer Key,https://jeemain.nta.nic.in/,OFFICIAL_FINAL_KEY
JM_2026_S2_0408_SHIFT2_CHE_Q069,B,,OFFICIAL_VERIFIED,HIGH,NTA Final Answer Key,https://jeemain.nta.nic.in/,OFFICIAL_FINAL_KEY
JM_2026_S2_0408_SHIFT2_CHE_Q070,C,,OFFICIAL_VERIFIED,HIGH,NTA Final Answer Key,https://jeemain.nta.nic.in/,OFFICIAL_FINAL_KEY
JM_2026_S2_0408_SHIFT2_CHE_Q071,6,6.0,OFFICIAL_VERIFIED,HIGH,NTA Final Answer Key,https://jeemain.nta.nic.in/,OFFICIAL_FINAL_KEY
JM_2026_S2_0408_SHIFT2_CHE_Q072,16,16.0,OFFICIAL_VERIFIED,HIGH,NTA Final Answer Key,https://jeemain.nta.nic.in/,OFFICIAL_FINAL_KEY
JM_2026_S2_0408_SHIFT2_CHE_Q073,3,3.0,OFFICIAL_VERIFIED,HIGH,NTA Final Answer Key,https://jeemain.nta.nic.in/,OFFICIAL_FINAL_KEY
JM_2026_S2_0408_SHIFT2_CHE_Q074,1126,1126.0,OFFICIAL_VERIFIED,HIGH,NTA Final Answer Key,https://jeemain.nta.nic.in/,OFFICIAL_FINAL_KEY
JM_2026_S2_0408_SHIFT2_CHE_Q075,4,4.0,OFFICIAL_VERIFIED,HIGH,NTA Final Answer Key,https://jeemain.nta.nic.in/,OFFICIAL_FINAL_KEY
